docid	path
nyp.33433074943634	nyp/pairtree_root/33/43/30/74/94/36/34/33433074943634/nyp.33433074943634.json.bz2
nyp.33433076030760	nyp/pairtree_root/33/43/30/76/03/07/60/33433076030760/nyp.33433076030760.json.bz2
uc1.b4713109	uc1/pairtree_root/b4/71/31/09/b4713109/uc1.b4713109.json.bz2
uva.x000380956	uva/pairtree_root/x0/00/38/09/56/x000380956/uva.x000380956.json.bz2
nyp.33433074890454	nyp/pairtree_root/33/43/30/74/89/04/54/33433074890454/nyp.33433074890454.json.bz2
uva.x000464259	uva/pairtree_root/x0/00/46/42/59/x000464259/uva.x000464259.json.bz2
uiuo.ark+=13960=t8hd8j356	uiuo/pairtree_root/ar/k+/=1/39/60/=t/8h/d8/j3/56/ark+=13960=t8hd8j356/uiuo.ark+=13960=t8hd8j356.json.bz2
uiuo.ark+=13960=t1fj3570z	uiuo/pairtree_root/ar/k+/=1/39/60/=t/1f/j3/57/0z/ark+=13960=t1fj3570z/uiuo.ark+=13960=t1fj3570z.json.bz2
uiuo.ark+=13960=t50g4c509	uiuo/pairtree_root/ar/k+/=1/39/60/=t/50/g4/c5/09/ark+=13960=t50g4c509/uiuo.ark+=13960=t50g4c509.json.bz2
uiuo.ark+=13960=t0ks7cx66	uiuo/pairtree_root/ar/k+/=1/39/60/=t/0k/s7/cx/66/ark+=13960=t0ks7cx66/uiuo.ark+=13960=t0ks7cx66.json.bz2
nyp.33433081852711	nyp/pairtree_root/33/43/30/81/85/27/11/33433081852711/nyp.33433081852711.json.bz2
dul1.ark+=13960=t98637h6g	dul1/pairtree_root/ar/k+/=1/39/60/=t/98/63/7h/6g/ark+=13960=t98637h6g/dul1.ark+=13960=t98637h6g.json.bz2
inu.39000003707283	inu/pairtree_root/39/00/00/03/70/72/83/39000003707283/inu.39000003707283.json.bz2
uc2.ark+=13960=t3cz3334b	uc2/pairtree_root/ar/k+/=1/39/60/=t/3c/z3/33/4b/ark+=13960=t3cz3334b/uc2.ark+=13960=t3cz3334b.json.bz2
uc2.ark+=13960=t1hh6d619	uc2/pairtree_root/ar/k+/=1/39/60/=t/1h/h6/d6/19/ark+=13960=t1hh6d619/uc2.ark+=13960=t1hh6d619.json.bz2
inu.30000007102522	inu/pairtree_root/30/00/00/07/10/25/22/30000007102522/inu.30000007102522.json.bz2
mdp.39015004063601	mdp/pairtree_root/39/01/50/04/06/36/01/39015004063601/mdp.39015004063601.json.bz2
mdp.39015031600409	mdp/pairtree_root/39/01/50/31/60/04/09/39015031600409/mdp.39015031600409.json.bz2
mdp.39015066409924	mdp/pairtree_root/39/01/50/66/40/99/24/39015066409924/mdp.39015066409924.json.bz2
uc1.32106002103940	uc1/pairtree_root/32/10/60/02/10/39/40/32106002103940/uc1.32106002103940.json.bz2
mdp.39015066065254	mdp/pairtree_root/39/01/50/66/06/52/54/39015066065254/mdp.39015066065254.json.bz2
mdp.39015000695182	mdp/pairtree_root/39/01/50/00/69/51/82/39015000695182/mdp.39015000695182.json.bz2
mdp.39015021862308	mdp/pairtree_root/39/01/50/21/86/23/08/39015021862308/mdp.39015021862308.json.bz2
mdp.39015062084390	mdp/pairtree_root/39/01/50/62/08/43/90/39015062084390/mdp.39015062084390.json.bz2
uc2.ark+=13960=t05x2648j	uc2/pairtree_root/ar/k+/=1/39/60/=t/05/x2/64/8j/ark+=13960=t05x2648j/uc2.ark+=13960=t05x2648j.json.bz2
uc2.ark+=13960=t8gf0ng5c	uc2/pairtree_root/ar/k+/=1/39/60/=t/8g/f0/ng/5c/ark+=13960=t8gf0ng5c/uc2.ark+=13960=t8gf0ng5c.json.bz2
mdp.39015071597630	mdp/pairtree_root/39/01/50/71/59/76/30/39015071597630/mdp.39015071597630.json.bz2
mdp.39015013399715	mdp/pairtree_root/39/01/50/13/39/97/15/39015013399715/mdp.39015013399715.json.bz2
pst.000004784975	pst/pairtree_root/00/00/04/78/49/75/000004784975/pst.000004784975.json.bz2
njp.32101069165684	njp/pairtree_root/32/10/10/69/16/56/84/32101069165684/njp.32101069165684.json.bz2
nyp.33433074949177	nyp/pairtree_root/33/43/30/74/94/91/77/33433074949177/nyp.33433074949177.json.bz2
uc1.32106002017793	uc1/pairtree_root/32/10/60/02/01/77/93/32106002017793/uc1.32106002017793.json.bz2
uc2.ark+=13960=t8jd4rr6g	uc2/pairtree_root/ar/k+/=1/39/60/=t/8j/d4/rr/6g/ark+=13960=t8jd4rr6g/uc2.ark+=13960=t8jd4rr6g.json.bz2
uc2.ark+=13960=t4gm83h3w	uc2/pairtree_root/ar/k+/=1/39/60/=t/4g/m8/3h/3w/ark+=13960=t4gm83h3w/uc2.ark+=13960=t4gm83h3w.json.bz2
uc1.31158005332662	uc1/pairtree_root/31/15/80/05/33/26/62/31158005332662/uc1.31158005332662.json.bz2
nyp.33433075900567	nyp/pairtree_root/33/43/30/75/90/05/67/33433075900567/nyp.33433075900567.json.bz2
uiuo.ark+=13960=t5cc1pz8f	uiuo/pairtree_root/ar/k+/=1/39/60/=t/5c/c1/pz/8f/ark+=13960=t5cc1pz8f/uiuo.ark+=13960=t5cc1pz8f.json.bz2
uc2.ark+=13960=t39z9256f	uc2/pairtree_root/ar/k+/=1/39/60/=t/39/z9/25/6f/ark+=13960=t39z9256f/uc2.ark+=13960=t39z9256f.json.bz2
nyp.33433075727366	nyp/pairtree_root/33/43/30/75/72/73/66/33433075727366/nyp.33433075727366.json.bz2
uc1.b4102903	uc1/pairtree_root/b4/10/29/03/b4102903/uc1.b4102903.json.bz2
mdp.39015036845256	mdp/pairtree_root/39/01/50/36/84/52/56/39015036845256/mdp.39015036845256.json.bz2
uc2.ark+=13960=t5h98zv6n	uc2/pairtree_root/ar/k+/=1/39/60/=t/5h/98/zv/6n/ark+=13960=t5h98zv6n/uc2.ark+=13960=t5h98zv6n.json.bz2
mdp.39015063547288	mdp/pairtree_root/39/01/50/63/54/72/88/39015063547288/mdp.39015063547288.json.bz2
nyp.33433076065493	nyp/pairtree_root/33/43/30/76/06/54/93/33433076065493/nyp.33433076065493.json.bz2
nyp.33433074893409	nyp/pairtree_root/33/43/30/74/89/34/09/33433074893409/nyp.33433074893409.json.bz2
uc1.b3151817	uc1/pairtree_root/b3/15/18/17/b3151817/uc1.b3151817.json.bz2
nyp.33433074902291	nyp/pairtree_root/33/43/30/74/90/22/91/33433074902291/nyp.33433074902291.json.bz2
mdp.39015003538918	mdp/pairtree_root/39/01/50/03/53/89/18/39015003538918/mdp.39015003538918.json.bz2
uiuo.ark+=13960=t49p3nb8x	uiuo/pairtree_root/ar/k+/=1/39/60/=t/49/p3/nb/8x/ark+=13960=t49p3nb8x/uiuo.ark+=13960=t49p3nb8x.json.bz2
coo.31924012963785	coo/pairtree_root/31/92/40/12/96/37/85/31924012963785/coo.31924012963785.json.bz2
nyp.33433074795331	nyp/pairtree_root/33/43/30/74/79/53/31/33433074795331/nyp.33433074795331.json.bz2
miun.acb4809,0001,001	miun/pairtree_root/ac/b4/80/9,/00/01/,0/01/acb4809,0001,001/miun.acb4809,0001,001.json.bz2
mdp.39015046359850	mdp/pairtree_root/39/01/50/46/35/98/50/39015046359850/mdp.39015046359850.json.bz2
uc2.ark+=13960=t7cr5nv4m	uc2/pairtree_root/ar/k+/=1/39/60/=t/7c/r5/nv/4m/ark+=13960=t7cr5nv4m/uc2.ark+=13960=t7cr5nv4m.json.bz2
nyp.33433076079544	nyp/pairtree_root/33/43/30/76/07/95/44/33433076079544/nyp.33433076079544.json.bz2
njp.32101066459908	njp/pairtree_root/32/10/10/66/45/99/08/32101066459908/njp.32101066459908.json.bz2
mdp.39015012067206	mdp/pairtree_root/39/01/50/12/06/72/06/39015012067206/mdp.39015012067206.json.bz2
mdp.39015019073140	mdp/pairtree_root/39/01/50/19/07/31/40/39015019073140/mdp.39015019073140.json.bz2
umn.31951002120639r	umn/pairtree_root/31/95/10/02/12/06/39/r/31951002120639r/umn.31951002120639r.json.bz2
uc1.b4594169	uc1/pairtree_root/b4/59/41/69/b4594169/uc1.b4594169.json.bz2
njp.32101042000354	njp/pairtree_root/32/10/10/42/00/03/54/32101042000354/njp.32101042000354.json.bz2
njp.32101066457811	njp/pairtree_root/32/10/10/66/45/78/11/32101066457811/njp.32101066457811.json.bz2
mdp.39015053262294	mdp/pairtree_root/39/01/50/53/26/22/94/39015053262294/mdp.39015053262294.json.bz2
uc1.b3327126	uc1/pairtree_root/b3/32/71/26/b3327126/uc1.b3327126.json.bz2
uva.x004993551	uva/pairtree_root/x0/04/99/35/51/x004993551/uva.x004993551.json.bz2
mdp.39015005942605	mdp/pairtree_root/39/01/50/05/94/26/05/39015005942605/mdp.39015005942605.json.bz2
nyp.33433074865787	nyp/pairtree_root/33/43/30/74/86/57/87/33433074865787/nyp.33433074865787.json.bz2
uc2.ark+=13960=t3pv6nz42	uc2/pairtree_root/ar/k+/=1/39/60/=t/3p/v6/nz/42/ark+=13960=t3pv6nz42/uc2.ark+=13960=t3pv6nz42.json.bz2
mdp.39015003930503	mdp/pairtree_root/39/01/50/03/93/05/03/39015003930503/mdp.39015003930503.json.bz2
uiuo.ark+=13960=t1fj2v76r	uiuo/pairtree_root/ar/k+/=1/39/60/=t/1f/j2/v7/6r/ark+=13960=t1fj2v76r/uiuo.ark+=13960=t1fj2v76r.json.bz2
mdp.39015063551504	mdp/pairtree_root/39/01/50/63/55/15/04/39015063551504/mdp.39015063551504.json.bz2
nyp.33433076063282	nyp/pairtree_root/33/43/30/76/06/32/82/33433076063282/nyp.33433076063282.json.bz2
umn.319510020706483	umn/pairtree_root/31/95/10/02/07/06/48/3/319510020706483/umn.319510020706483.json.bz2
uiuo.ark+=13960=t6k07g132	uiuo/pairtree_root/ar/k+/=1/39/60/=t/6k/07/g1/32/ark+=13960=t6k07g132/uiuo.ark+=13960=t6k07g132.json.bz2
wu.89099220006	wu/pairtree_root/89/09/92/20/00/6/89099220006/wu.89099220006.json.bz2
nyp.33433082520788	nyp/pairtree_root/33/43/30/82/52/07/88/33433082520788/nyp.33433082520788.json.bz2
uc1.$b299826	uc1/pairtree_root/$b/29/98/26/$b299826/uc1.$b299826.json.bz2
uva.x000230249	uva/pairtree_root/x0/00/23/02/49/x000230249/uva.x000230249.json.bz2
nyp.33433074929450	nyp/pairtree_root/33/43/30/74/92/94/50/33433074929450/nyp.33433074929450.json.bz2
njp.32101067707925	njp/pairtree_root/32/10/10/67/70/79/25/32101067707925/njp.32101067707925.json.bz2
njp.32101063607269	njp/pairtree_root/32/10/10/63/60/72/69/32101063607269/njp.32101063607269.json.bz2
nyp.33433074857800	nyp/pairtree_root/33/43/30/74/85/78/00/33433074857800/nyp.33433074857800.json.bz2
uiuo.ark+=13960=t19k5018x	uiuo/pairtree_root/ar/k+/=1/39/60/=t/19/k5/01/8x/ark+=13960=t19k5018x/uiuo.ark+=13960=t19k5018x.json.bz2
uc2.ark+=13960=t3610xb6c	uc2/pairtree_root/ar/k+/=1/39/60/=t/36/10/xb/6c/ark+=13960=t3610xb6c/uc2.ark+=13960=t3610xb6c.json.bz2
uc2.ark+=13960=t84j0cp08	uc2/pairtree_root/ar/k+/=1/39/60/=t/84/j0/cp/08/ark+=13960=t84j0cp08/uc2.ark+=13960=t84j0cp08.json.bz2
uc2.ark+=13960=t6rx9gk2c	uc2/pairtree_root/ar/k+/=1/39/60/=t/6r/x9/gk/2c/ark+=13960=t6rx9gk2c/uc2.ark+=13960=t6rx9gk2c.json.bz2
uc1.$b87340	uc1/pairtree_root/$b/87/34/0/$b87340/uc1.$b87340.json.bz2
uc2.ark+=13960=t7vm4gd68	uc2/pairtree_root/ar/k+/=1/39/60/=t/7v/m4/gd/68/ark+=13960=t7vm4gd68/uc2.ark+=13960=t7vm4gd68.json.bz2
mdp.39015055278512	mdp/pairtree_root/39/01/50/55/27/85/12/39015055278512/mdp.39015055278512.json.bz2
uiuo.ark+=13960=t73t9tx1v	uiuo/pairtree_root/ar/k+/=1/39/60/=t/73/t9/tx/1v/ark+=13960=t73t9tx1v/uiuo.ark+=13960=t73t9tx1v.json.bz2
njp.32101068169505	njp/pairtree_root/32/10/10/68/16/95/05/32101068169505/njp.32101068169505.json.bz2
uc1.b2791154	uc1/pairtree_root/b2/79/11/54/b2791154/uc1.b2791154.json.bz2
uc1.b250129	uc1/pairtree_root/$b/25/01/29/$b250129/uc1.$b250129.json.bz2
uiuo.ark+=13960=t0jt09500	uiuo/pairtree_root/ar/k+/=1/39/60/=t/0j/t0/95/00/ark+=13960=t0jt09500/uiuo.ark+=13960=t0jt09500.json.bz2
nyp.33433075861348	nyp/pairtree_root/33/43/30/75/86/13/48/33433075861348/nyp.33433075861348.json.bz2
njp.32101065600601	njp/pairtree_root/32/10/10/65/60/06/01/32101065600601/njp.32101065600601.json.bz2
uc2.ark+=13960=t9m32tr6b	uc2/pairtree_root/ar/k+/=1/39/60/=t/9m/32/tr/6b/ark+=13960=t9m32tr6b/uc2.ark+=13960=t9m32tr6b.json.bz2
njp.32101068169513	njp/pairtree_root/32/10/10/68/16/95/13/32101068169513/njp.32101068169513.json.bz2
uiuo.ark+=13960=t7jq17z93	uiuo/pairtree_root/ar/k+/=1/39/60/=t/7j/q1/7z/93/ark+=13960=t7jq17z93/uiuo.ark+=13960=t7jq17z93.json.bz2
uc1.32106002251830	uc1/pairtree_root/32/10/60/02/25/18/30/32106002251830/uc1.32106002251830.json.bz2
uiuo.ark+=13960=t3611dm26	uiuo/pairtree_root/ar/k+/=1/39/60/=t/36/11/dm/26/ark+=13960=t3611dm26/uiuo.ark+=13960=t3611dm26.json.bz2
uc1.b3327172	uc1/pairtree_root/b3/32/71/72/b3327172/uc1.b3327172.json.bz2
nyp.33433076021587	nyp/pairtree_root/33/43/30/76/02/15/87/33433076021587/nyp.33433076021587.json.bz2
uc1.$b322712	uc1/pairtree_root/$b/32/27/12/$b322712/uc1.$b322712.json.bz2
nyp.33433074920640	nyp/pairtree_root/33/43/30/74/92/06/40/33433074920640/nyp.33433074920640.json.bz2
miun.aat2524,0001,001	miun/pairtree_root/aa/t2/52/4,/00/01/,0/01/aat2524,0001,001/miun.aat2524,0001,001.json.bz2
nyp.33433008143475	nyp/pairtree_root/33/43/30/08/14/34/75/33433008143475/nyp.33433008143475.json.bz2
njp.32101074760370	njp/pairtree_root/32/10/10/74/76/03/70/32101074760370/njp.32101074760370.json.bz2
uc1.$b243988	uc1/pairtree_root/$b/24/39/88/$b243988/uc1.$b243988.json.bz2
uc1.$b70998	uc1/pairtree_root/$b/70/99/8/$b70998/uc1.$b70998.json.bz2
nyp.33433074797519	nyp/pairtree_root/33/43/30/74/79/75/19/33433074797519/nyp.33433074797519.json.bz2
uc1.b249620	uc1/pairtree_root/$b/24/96/20/$b249620/uc1.$b249620.json.bz2
uc2.ark+=13960=t4bp05k0k	uc2/pairtree_root/ar/k+/=1/39/60/=t/4b/p0/5k/0k/ark+=13960=t4bp05k0k/uc2.ark+=13960=t4bp05k0k.json.bz2
wu.89006378830	wu/pairtree_root/89/00/63/78/83/0/89006378830/wu.89006378830.json.bz2
uc2.ark+=13960=t15m6701g	uc2/pairtree_root/ar/k+/=1/39/60/=t/15/m6/70/1g/ark+=13960=t15m6701g/uc2.ark+=13960=t15m6701g.json.bz2
mdp.39015063602521	mdp/pairtree_root/39/01/50/63/60/25/21/39015063602521/mdp.39015063602521.json.bz2
uc1.b4145140	uc1/pairtree_root/b4/14/51/40/b4145140/uc1.b4145140.json.bz2
nyp.33433076045925	nyp/pairtree_root/33/43/30/76/04/59/25/33433076045925/nyp.33433076045925.json.bz2
njp.32101066458074	njp/pairtree_root/32/10/10/66/45/80/74/32101066458074/njp.32101066458074.json.bz2
uva.x030826018	uva/pairtree_root/x0/30/82/60/18/x030826018/uva.x030826018.json.bz2
uva.x030765011	uva/pairtree_root/x0/30/76/50/11/x030765011/uva.x030765011.json.bz2
uc2.ark+=13960=t2794143s	uc2/pairtree_root/ar/k+/=1/39/60/=t/27/94/14/3s/ark+=13960=t2794143s/uc2.ark+=13960=t2794143s.json.bz2
uc1.$b56348	uc1/pairtree_root/$b/56/34/8/$b56348/uc1.$b56348.json.bz2
uc1.$b301179	uc1/pairtree_root/$b/30/11/79/$b301179/uc1.$b301179.json.bz2
mdp.39015059415789	mdp/pairtree_root/39/01/50/59/41/57/89/39015059415789/mdp.39015059415789.json.bz2
nyp.33433074945746	nyp/pairtree_root/33/43/30/74/94/57/46/33433074945746/nyp.33433074945746.json.bz2
uc2.ark+=13960=t9j38r92d	uc2/pairtree_root/ar/k+/=1/39/60/=t/9j/38/r9/2d/ark+=13960=t9j38r92d/uc2.ark+=13960=t9j38r92d.json.bz2
umn.31951d001342781	umn/pairtree_root/31/95/1d/00/13/42/78/1/31951d001342781/umn.31951d001342781.json.bz2
uc2.ark+=13960=t3ws8wh1m	uc2/pairtree_root/ar/k+/=1/39/60/=t/3w/s8/wh/1m/ark+=13960=t3ws8wh1m/uc2.ark+=13960=t3ws8wh1m.json.bz2
uiuo.ark+=13960=t59c77k98	uiuo/pairtree_root/ar/k+/=1/39/60/=t/59/c7/7k/98/ark+=13960=t59c77k98/uiuo.ark+=13960=t59c77k98.json.bz2
uc1.b251155	uc1/pairtree_root/$b/25/11/55/$b251155/uc1.$b251155.json.bz2
uc2.ark+=13960=t7xk87j6z	uc2/pairtree_root/ar/k+/=1/39/60/=t/7x/k8/7j/6z/ark+=13960=t7xk87j6z/uc2.ark+=13960=t7xk87j6z.json.bz2
uc2.ark+=13960=t2p55gp79	uc2/pairtree_root/ar/k+/=1/39/60/=t/2p/55/gp/79/ark+=13960=t2p55gp79/uc2.ark+=13960=t2p55gp79.json.bz2
uiuo.ark+=13960=t3rv0v43n	uiuo/pairtree_root/ar/k+/=1/39/60/=t/3r/v0/v4/3n/ark+=13960=t3rv0v43n/uiuo.ark+=13960=t3rv0v43n.json.bz2
mdp.39015055052222	mdp/pairtree_root/39/01/50/55/05/22/22/39015055052222/mdp.39015055052222.json.bz2
nyp.33433076058274	nyp/pairtree_root/33/43/30/76/05/82/74/33433076058274/nyp.33433076058274.json.bz2
uc2.ark+=13960=t71v5g84v	uc2/pairtree_root/ar/k+/=1/39/60/=t/71/v5/g8/4v/ark+=13960=t71v5g84v/uc2.ark+=13960=t71v5g84v.json.bz2
mdp.39015005667202	mdp/pairtree_root/39/01/50/05/66/72/02/39015005667202/mdp.39015005667202.json.bz2
mdp.39015063939782	mdp/pairtree_root/39/01/50/63/93/97/82/39015063939782/mdp.39015063939782.json.bz2
uiuo.ark+=13960=t9g45d53j	uiuo/pairtree_root/ar/k+/=1/39/60/=t/9g/45/d5/3j/ark+=13960=t9g45d53j/uiuo.ark+=13960=t9g45d53j.json.bz2
uc1.$b87364	uc1/pairtree_root/$b/87/36/4/$b87364/uc1.$b87364.json.bz2
mdp.39015016768288	mdp/pairtree_root/39/01/50/16/76/82/88/39015016768288/mdp.39015016768288.json.bz2
uc2.ark+=13960=t7jq0zc1x	uc2/pairtree_root/ar/k+/=1/39/60/=t/7j/q0/zc/1x/ark+=13960=t7jq0zc1x/uc2.ark+=13960=t7jq0zc1x.json.bz2
uc2.ark+=13960=t6nz85s88	uc2/pairtree_root/ar/k+/=1/39/60/=t/6n/z8/5s/88/ark+=13960=t6nz85s88/uc2.ark+=13960=t6nz85s88.json.bz2
uiuo.ark+=13960=t7hq4m576	uiuo/pairtree_root/ar/k+/=1/39/60/=t/7h/q4/m5/76/ark+=13960=t7hq4m576/uiuo.ark+=13960=t7hq4m576.json.bz2
mdp.39015063949526	mdp/pairtree_root/39/01/50/63/94/95/26/39015063949526/mdp.39015063949526.json.bz2
uiuo.ark+=13960=t4gm8k930	uiuo/pairtree_root/ar/k+/=1/39/60/=t/4g/m8/k9/30/ark+=13960=t4gm8k930/uiuo.ark+=13960=t4gm8k930.json.bz2
uc1.$b787338	uc1/pairtree_root/$b/78/73/38/$b787338/uc1.$b787338.json.bz2
uc1.b249559	uc1/pairtree_root/$b/24/95/59/$b249559/uc1.$b249559.json.bz2
uiuo.ark+=13960=t5h99rx11	uiuo/pairtree_root/ar/k+/=1/39/60/=t/5h/99/rx/11/ark+=13960=t5h99rx11/uiuo.ark+=13960=t5h99rx11.json.bz2
loc.ark+=13960=t0zp4n54x	loc/pairtree_root/ar/k+/=1/39/60/=t/0z/p4/n5/4x/ark+=13960=t0zp4n54x/loc.ark+=13960=t0zp4n54x.json.bz2
wu.89098013279	wu/pairtree_root/89/09/80/13/27/9/89098013279/wu.89098013279.json.bz2
nyp.33433074954763	nyp/pairtree_root/33/43/30/74/95/47/63/33433074954763/nyp.33433074954763.json.bz2
njp.32101063580268	njp/pairtree_root/32/10/10/63/58/02/68/32101063580268/njp.32101063580268.json.bz2
nyp.33433074880034	nyp/pairtree_root/33/43/30/74/88/00/34/33433074880034/nyp.33433074880034.json.bz2
mdp.39015005406429	mdp/pairtree_root/39/01/50/05/40/64/29/39015005406429/mdp.39015005406429.json.bz2
uc2.ark+=13960=t0ks6p45r	uc2/pairtree_root/ar/k+/=1/39/60/=t/0k/s6/p4/5r/ark+=13960=t0ks6p45r/uc2.ark+=13960=t0ks6p45r.json.bz2
uiuo.ark+=13960=t2b85wr4n	uiuo/pairtree_root/ar/k+/=1/39/60/=t/2b/85/wr/4n/ark+=13960=t2b85wr4n/uiuo.ark+=13960=t2b85wr4n.json.bz2
mdp.39015066059935	mdp/pairtree_root/39/01/50/66/05/99/35/39015066059935/mdp.39015066059935.json.bz2
njp.32101068972775	njp/pairtree_root/32/10/10/68/97/27/75/32101068972775/njp.32101068972775.json.bz2
uiuo.ark+=13960=t2h70xd4w	uiuo/pairtree_root/ar/k+/=1/39/60/=t/2h/70/xd/4w/ark+=13960=t2h70xd4w/uiuo.ark+=13960=t2h70xd4w.json.bz2
uc2.ark+=13960=t6xw4n10m	uc2/pairtree_root/ar/k+/=1/39/60/=t/6x/w4/n1/0m/ark+=13960=t6xw4n10m/uc2.ark+=13960=t6xw4n10m.json.bz2
uc1.b3322001	uc1/pairtree_root/b3/32/20/01/b3322001/uc1.b3322001.json.bz2
mdp.39015066681480	mdp/pairtree_root/39/01/50/66/68/14/80/39015066681480/mdp.39015066681480.json.bz2
uc1.$b105348	uc1/pairtree_root/$b/10/53/48/$b105348/uc1.$b105348.json.bz2
mdp.39015030017886	mdp/pairtree_root/39/01/50/30/01/78/86/39015030017886/mdp.39015030017886.json.bz2
uc1.$b243329	uc1/pairtree_root/$b/24/33/29/$b243329/uc1.$b243329.json.bz2
uc2.ark+=13960=t5p846g0d	uc2/pairtree_root/ar/k+/=1/39/60/=t/5p/84/6g/0d/ark+=13960=t5p846g0d/uc2.ark+=13960=t5p846g0d.json.bz2
uiuo.ark+=13960=t72v35t5b	uiuo/pairtree_root/ar/k+/=1/39/60/=t/72/v3/5t/5b/ark+=13960=t72v35t5b/uiuo.ark+=13960=t72v35t5b.json.bz2
uc1.$b56281	uc1/pairtree_root/$b/56/28/1/$b56281/uc1.$b56281.json.bz2
uc1.$b87319	uc1/pairtree_root/$b/87/31/9/$b87319/uc1.$b87319.json.bz2
uc1.b4104982	uc1/pairtree_root/b4/10/49/82/b4104982/uc1.b4104982.json.bz2
mdp.39015004288042	mdp/pairtree_root/39/01/50/04/28/80/42/39015004288042/mdp.39015004288042.json.bz2
nyp.33433074935077	nyp/pairtree_root/33/43/30/74/93/50/77/33433074935077/nyp.33433074935077.json.bz2
mdp.39015033520456	mdp/pairtree_root/39/01/50/33/52/04/56/39015033520456/mdp.39015033520456.json.bz2
nyp.33433074876156	nyp/pairtree_root/33/43/30/74/87/61/56/33433074876156/nyp.33433074876156.json.bz2
uc2.ark+=13960=t4fn12c70	uc2/pairtree_root/ar/k+/=1/39/60/=t/4f/n1/2c/70/ark+=13960=t4fn12c70/uc2.ark+=13960=t4fn12c70.json.bz2
mdp.39015032013263	mdp/pairtree_root/39/01/50/32/01/32/63/39015032013263/mdp.39015032013263.json.bz2
uc2.ark+=13960=t1cj87x20	uc2/pairtree_root/ar/k+/=1/39/60/=t/1c/j8/7x/20/ark+=13960=t1cj87x20/uc2.ark+=13960=t1cj87x20.json.bz2
nyp.33433084128655	nyp/pairtree_root/33/43/30/84/12/86/55/33433084128655/nyp.33433084128655.json.bz2
njp.32101065847475	njp/pairtree_root/32/10/10/65/84/74/75/32101065847475/njp.32101065847475.json.bz2
uc2.ark+=13960=t1gh9bk2q	uc2/pairtree_root/ar/k+/=1/39/60/=t/1g/h9/bk/2q/ark+=13960=t1gh9bk2q/uc2.ark+=13960=t1gh9bk2q.json.bz2
nyp.33433074857016	nyp/pairtree_root/33/43/30/74/85/70/16/33433074857016/nyp.33433074857016.json.bz2
uc2.ark+=13960=t9q23wb8q	uc2/pairtree_root/ar/k+/=1/39/60/=t/9q/23/wb/8q/ark+=13960=t9q23wb8q/uc2.ark+=13960=t9q23wb8q.json.bz2
osu.32435058038647	osu/pairtree_root/32/43/50/58/03/86/47/32435058038647/osu.32435058038647.json.bz2
dul1.ark+=13960=t3jw91q2r	dul1/pairtree_root/ar/k+/=1/39/60/=t/3j/w9/1q/2r/ark+=13960=t3jw91q2r/dul1.ark+=13960=t3jw91q2r.json.bz2
nyp.33433074807748	nyp/pairtree_root/33/43/30/74/80/77/48/33433074807748/nyp.33433074807748.json.bz2
uc1.b318289	uc1/pairtree_root/$b/31/82/89/$b318289/uc1.$b318289.json.bz2
uc2.ark+=13960=t8kd1r66g	uc2/pairtree_root/ar/k+/=1/39/60/=t/8k/d1/r6/6g/ark+=13960=t8kd1r66g/uc2.ark+=13960=t8kd1r66g.json.bz2
uc2.ark+=13960=t02z14r3d	uc2/pairtree_root/ar/k+/=1/39/60/=t/02/z1/4r/3d/ark+=13960=t02z14r3d/uc2.ark+=13960=t02z14r3d.json.bz2
uc2.ark+=13960=t9r20sh4z	uc2/pairtree_root/ar/k+/=1/39/60/=t/9r/20/sh/4z/ark+=13960=t9r20sh4z/uc2.ark+=13960=t9r20sh4z.json.bz2
mdp.39015063959657	mdp/pairtree_root/39/01/50/63/95/96/57/39015063959657/mdp.39015063959657.json.bz2
uc2.ark+=13960=t6639nr4d	uc2/pairtree_root/ar/k+/=1/39/60/=t/66/39/nr/4d/ark+=13960=t6639nr4d/uc2.ark+=13960=t6639nr4d.json.bz2
mdp.39015066650469	mdp/pairtree_root/39/01/50/66/65/04/69/39015066650469/mdp.39015066650469.json.bz2
uiuo.ark+=13960=t3nv9vg5k	uiuo/pairtree_root/ar/k+/=1/39/60/=t/3n/v9/vg/5k/ark+=13960=t3nv9vg5k/uiuo.ark+=13960=t3nv9vg5k.json.bz2
mdp.39015006969649	mdp/pairtree_root/39/01/50/06/96/96/49/39015006969649/mdp.39015006969649.json.bz2
mdp.39015059395049	mdp/pairtree_root/39/01/50/59/39/50/49/39015059395049/mdp.39015059395049.json.bz2
mdp.39015000957798	mdp/pairtree_root/39/01/50/00/95/77/98/39015000957798/mdp.39015000957798.json.bz2
mdp.39015047540441	mdp/pairtree_root/39/01/50/47/54/04/41/39015047540441/mdp.39015047540441.json.bz2
uc2.ark+=13960=t6736nr4k	uc2/pairtree_root/ar/k+/=1/39/60/=t/67/36/nr/4k/ark+=13960=t6736nr4k/uc2.ark+=13960=t6736nr4k.json.bz2
mdp.39015063617248	mdp/pairtree_root/39/01/50/63/61/72/48/39015063617248/mdp.39015063617248.json.bz2
mdp.39015031325833	mdp/pairtree_root/39/01/50/31/32/58/33/39015031325833/mdp.39015031325833.json.bz2
uc2.ark+=13960=t80k2765m	uc2/pairtree_root/ar/k+/=1/39/60/=t/80/k2/76/5m/ark+=13960=t80k2765m/uc2.ark+=13960=t80k2765m.json.bz2
uc1.$b104338	uc1/pairtree_root/$b/10/43/38/$b104338/uc1.$b104338.json.bz2
nyp.33433075741789	nyp/pairtree_root/33/43/30/75/74/17/89/33433075741789/nyp.33433075741789.json.bz2
uc2.ark+=13960=t0dv1ds4q	uc2/pairtree_root/ar/k+/=1/39/60/=t/0d/v1/ds/4q/ark+=13960=t0dv1ds4q/uc2.ark+=13960=t0dv1ds4q.json.bz2
mdp.39015000540735	mdp/pairtree_root/39/01/50/00/54/07/35/39015000540735/mdp.39015000540735.json.bz2
njp.32101074871284	njp/pairtree_root/32/10/10/74/87/12/84/32101074871284/njp.32101074871284.json.bz2
uiuo.ark+=13960=t7dr3dc21	uiuo/pairtree_root/ar/k+/=1/39/60/=t/7d/r3/dc/21/ark+=13960=t7dr3dc21/uiuo.ark+=13960=t7dr3dc21.json.bz2
uiuo.ark+=13960=t8gf1fh3r	uiuo/pairtree_root/ar/k+/=1/39/60/=t/8g/f1/fh/3r/ark+=13960=t8gf1fh3r/uiuo.ark+=13960=t8gf1fh3r.json.bz2
coo.31924013218056	coo/pairtree_root/31/92/40/13/21/80/56/31924013218056/coo.31924013218056.json.bz2
uc2.ark+=13960=t5x63gm9z	uc2/pairtree_root/ar/k+/=1/39/60/=t/5x/63/gm/9z/ark+=13960=t5x63gm9z/uc2.ark+=13960=t5x63gm9z.json.bz2
uc1.b308297	uc1/pairtree_root/$b/30/82/97/$b308297/uc1.$b308297.json.bz2
uc1.$b244144	uc1/pairtree_root/$b/24/41/44/$b244144/uc1.$b244144.json.bz2
uc1.b249543	uc1/pairtree_root/$b/24/95/43/$b249543/uc1.$b249543.json.bz2
mdp.39015046366533	mdp/pairtree_root/39/01/50/46/36/65/33/39015046366533/mdp.39015046366533.json.bz2
nnc1.cu58507493	nnc1/pairtree_root/cu/58/50/74/93/cu58507493/nnc1.cu58507493.json.bz2
uc2.ark+=13960=t09w0b884	uc2/pairtree_root/ar/k+/=1/39/60/=t/09/w0/b8/84/ark+=13960=t09w0b884/uc2.ark+=13960=t09w0b884.json.bz2
uc2.ark+=13960=t1fj2bd0w	uc2/pairtree_root/ar/k+/=1/39/60/=t/1f/j2/bd/0w/ark+=13960=t1fj2bd0w/uc2.ark+=13960=t1fj2bd0w.json.bz2
nnc1.cr61143707	nnc1/pairtree_root/cr/61/14/37/07/cr61143707/nnc1.cr61143707.json.bz2
uc2.ark+=13960=t2v40kg0s	uc2/pairtree_root/ar/k+/=1/39/60/=t/2v/40/kg/0s/ark+=13960=t2v40kg0s/uc2.ark+=13960=t2v40kg0s.json.bz2
uc1.b3048116	uc1/pairtree_root/b3/04/81/16/b3048116/uc1.b3048116.json.bz2
mdp.39015031442497	mdp/pairtree_root/39/01/50/31/44/24/97/39015031442497/mdp.39015031442497.json.bz2
uc1.b3321955	uc1/pairtree_root/b3/32/19/55/b3321955/uc1.b3321955.json.bz2
uiuo.ark+=13960=t1fj34d94	uiuo/pairtree_root/ar/k+/=1/39/60/=t/1f/j3/4d/94/ark+=13960=t1fj34d94/uiuo.ark+=13960=t1fj34d94.json.bz2
nyp.33433074919584	nyp/pairtree_root/33/43/30/74/91/95/84/33433074919584/nyp.33433074919584.json.bz2
uc2.ark+=13960=t2794111g	uc2/pairtree_root/ar/k+/=1/39/60/=t/27/94/11/1g/ark+=13960=t2794111g/uc2.ark+=13960=t2794111g.json.bz2
mdp.39015059386071	mdp/pairtree_root/39/01/50/59/38/60/71/39015059386071/mdp.39015059386071.json.bz2
uc1.32106005398463	uc1/pairtree_root/32/10/60/05/39/84/63/32106005398463/uc1.32106005398463.json.bz2
mdp.49015001000182	mdp/pairtree_root/49/01/50/01/00/01/82/49015001000182/mdp.49015001000182.json.bz2
uiuo.ark+=13960=t42r4bj1d	uiuo/pairtree_root/ar/k+/=1/39/60/=t/42/r4/bj/1d/ark+=13960=t42r4bj1d/uiuo.ark+=13960=t42r4bj1d.json.bz2
uiuo.ark+=13960=t9v12mr3w	uiuo/pairtree_root/ar/k+/=1/39/60/=t/9v/12/mr/3w/ark+=13960=t9v12mr3w/uiuo.ark+=13960=t9v12mr3w.json.bz2
umn.31951p001743923	umn/pairtree_root/31/95/1p/00/17/43/92/3/31951p001743923/umn.31951p001743923.json.bz2
uc2.ark+=13960=t6sx69c95	uc2/pairtree_root/ar/k+/=1/39/60/=t/6s/x6/9c/95/ark+=13960=t6sx69c95/uc2.ark+=13960=t6sx69c95.json.bz2
njp.32101062935901	njp/pairtree_root/32/10/10/62/93/59/01/32101062935901/njp.32101062935901.json.bz2
uiuo.ark+=13960=t3223dc0z	uiuo/pairtree_root/ar/k+/=1/39/60/=t/32/23/dc/0z/ark+=13960=t3223dc0z/uiuo.ark+=13960=t3223dc0z.json.bz2
mdp.39015019967010	mdp/pairtree_root/39/01/50/19/96/70/10/39015019967010/mdp.39015019967010.json.bz2
njp.32101063581712	njp/pairtree_root/32/10/10/63/58/17/12/32101063581712/njp.32101063581712.json.bz2
uc2.ark+=13960=t3416vd9j	uc2/pairtree_root/ar/k+/=1/39/60/=t/34/16/vd/9j/ark+=13960=t3416vd9j/uc2.ark+=13960=t3416vd9j.json.bz2
mdp.39015054021426	mdp/pairtree_root/39/01/50/54/02/14/26/39015054021426/mdp.39015054021426.json.bz2
nyp.33433074911169	nyp/pairtree_root/33/43/30/74/91/11/69/33433074911169/nyp.33433074911169.json.bz2
mdp.39015022200417	mdp/pairtree_root/39/01/50/22/20/04/17/39015022200417/mdp.39015022200417.json.bz2
mdp.39015063963345	mdp/pairtree_root/39/01/50/63/96/33/45/39015063963345/mdp.39015063963345.json.bz2
mdp.39015056245924	mdp/pairtree_root/39/01/50/56/24/59/24/39015056245924/mdp.39015056245924.json.bz2
mdp.39015030710860	mdp/pairtree_root/39/01/50/30/71/08/60/39015030710860/mdp.39015030710860.json.bz2
nyp.33433074940838	nyp/pairtree_root/33/43/30/74/94/08/38/33433074940838/nyp.33433074940838.json.bz2
uc1.$b799928	uc1/pairtree_root/$b/79/99/28/$b799928/uc1.$b799928.json.bz2
njp.32101064632746	njp/pairtree_root/32/10/10/64/63/27/46/32101064632746/njp.32101064632746.json.bz2
uc2.ark+=13960=t81j9d133	uc2/pairtree_root/ar/k+/=1/39/60/=t/81/j9/d1/33/ark+=13960=t81j9d133/uc2.ark+=13960=t81j9d133.json.bz2
uc2.ark+=13960=t8v980b3t	uc2/pairtree_root/ar/k+/=1/39/60/=t/8v/98/0b/3t/ark+=13960=t8v980b3t/uc2.ark+=13960=t8v980b3t.json.bz2
nyp.33433076060049	nyp/pairtree_root/33/43/30/76/06/00/49/33433076060049/nyp.33433076060049.json.bz2
uc1.$b117378	uc1/pairtree_root/$b/11/73/78/$b117378/uc1.$b117378.json.bz2
mdp.39015000544224	mdp/pairtree_root/39/01/50/00/54/42/24/39015000544224/mdp.39015000544224.json.bz2
uc2.ark+=13960=t4mk66200	uc2/pairtree_root/ar/k+/=1/39/60/=t/4m/k6/62/00/ark+=13960=t4mk66200/uc2.ark+=13960=t4mk66200.json.bz2
uiuo.ark+=13960=t6h13np7s	uiuo/pairtree_root/ar/k+/=1/39/60/=t/6h/13/np/7s/ark+=13960=t6h13np7s/uiuo.ark+=13960=t6h13np7s.json.bz2
nyp.33433074828116	nyp/pairtree_root/33/43/30/74/82/81/16/33433074828116/nyp.33433074828116.json.bz2
mdp.39015047762482	mdp/pairtree_root/39/01/50/47/76/24/82/39015047762482/mdp.39015047762482.json.bz2
mdp.39015053608637	mdp/pairtree_root/39/01/50/53/60/86/37/39015053608637/mdp.39015053608637.json.bz2
nyp.33433074952148	nyp/pairtree_root/33/43/30/74/95/21/48/33433074952148/nyp.33433074952148.json.bz2
mdp.39015005919686	mdp/pairtree_root/39/01/50/05/91/96/86/39015005919686/mdp.39015005919686.json.bz2
uc2.ark+=13960=t6tx37k6r	uc2/pairtree_root/ar/k+/=1/39/60/=t/6t/x3/7k/6r/ark+=13960=t6tx37k6r/uc2.ark+=13960=t6tx37k6r.json.bz2
nyp.33433043076763	nyp/pairtree_root/33/43/30/43/07/67/63/33433043076763/nyp.33433043076763.json.bz2
nyp.33433074800677	nyp/pairtree_root/33/43/30/74/80/06/77/33433074800677/nyp.33433074800677.json.bz2
loc.ark+=13960=t6nz8x84q	loc/pairtree_root/ar/k+/=1/39/60/=t/6n/z8/x8/4q/ark+=13960=t6nz8x84q/loc.ark+=13960=t6nz8x84q.json.bz2
uiuo.ark+=13960=t5db8pf3x	uiuo/pairtree_root/ar/k+/=1/39/60/=t/5d/b8/pf/3x/ark+=13960=t5db8pf3x/uiuo.ark+=13960=t5db8pf3x.json.bz2
pst.000008245977	pst/pairtree_root/00/00/08/24/59/77/000008245977/pst.000008245977.json.bz2
uiuo.ark+=13960=t3nv9qx3s	uiuo/pairtree_root/ar/k+/=1/39/60/=t/3n/v9/qx/3s/ark+=13960=t3nv9qx3s/uiuo.ark+=13960=t3nv9qx3s.json.bz2
loc.ark+=13960=t5gb2z75v	loc/pairtree_root/ar/k+/=1/39/60/=t/5g/b2/z7/5v/ark+=13960=t5gb2z75v/loc.ark+=13960=t5gb2z75v.json.bz2
uiuo.ark+=13960=t2j684v7n	uiuo/pairtree_root/ar/k+/=1/39/60/=t/2j/68/4v/7n/ark+=13960=t2j684v7n/uiuo.ark+=13960=t2j684v7n.json.bz2
nyp.33433074942859	nyp/pairtree_root/33/43/30/74/94/28/59/33433074942859/nyp.33433074942859.json.bz2
uc1.$b56351	uc1/pairtree_root/$b/56/35/1/$b56351/uc1.$b56351.json.bz2
nyp.33433022469757	nyp/pairtree_root/33/43/30/22/46/97/57/33433022469757/nyp.33433022469757.json.bz2
uc1.$b243910	uc1/pairtree_root/$b/24/39/10/$b243910/uc1.$b243910.json.bz2
mdp.39015063547809	mdp/pairtree_root/39/01/50/63/54/78/09/39015063547809/mdp.39015063547809.json.bz2
nyp.33433074940861	nyp/pairtree_root/33/43/30/74/94/08/61/33433074940861/nyp.33433074940861.json.bz2
nyp.33433076074297	nyp/pairtree_root/33/43/30/76/07/42/97/33433076074297/nyp.33433076074297.json.bz2
uc2.ark+=13960=t3610z94c	uc2/pairtree_root/ar/k+/=1/39/60/=t/36/10/z9/4c/ark+=13960=t3610z94c/uc2.ark+=13960=t3610z94c.json.bz2
mdp.39015005616654	mdp/pairtree_root/39/01/50/05/61/66/54/39015005616654/mdp.39015005616654.json.bz2
mdp.39015002710773	mdp/pairtree_root/39/01/50/02/71/07/73/39015002710773/mdp.39015002710773.json.bz2
uc1.32106002078084	uc1/pairtree_root/32/10/60/02/07/80/84/32106002078084/uc1.32106002078084.json.bz2
uc2.ark+=13960=t1dj5fd8t	uc2/pairtree_root/ar/k+/=1/39/60/=t/1d/j5/fd/8t/ark+=13960=t1dj5fd8t/uc2.ark+=13960=t1dj5fd8t.json.bz2
uc2.ark+=13960=t1qf91x3f	uc2/pairtree_root/ar/k+/=1/39/60/=t/1q/f9/1x/3f/ark+=13960=t1qf91x3f/uc2.ark+=13960=t1qf91x3f.json.bz2
mdp.39015006218385	mdp/pairtree_root/39/01/50/06/21/83/85/39015006218385/mdp.39015006218385.json.bz2
uc2.ark+=13960=t4rj4df5z	uc2/pairtree_root/ar/k+/=1/39/60/=t/4r/j4/df/5z/ark+=13960=t4rj4df5z/uc2.ark+=13960=t4rj4df5z.json.bz2
uc1.b3578726	uc1/pairtree_root/b3/57/87/26/b3578726/uc1.b3578726.json.bz2
inu.32000001384124	inu/pairtree_root/32/00/00/01/38/41/24/32000001384124/inu.32000001384124.json.bz2
nyp.33433075727689	nyp/pairtree_root/33/43/30/75/72/76/89/33433075727689/nyp.33433075727689.json.bz2
mdp.39015022391133	mdp/pairtree_root/39/01/50/22/39/11/33/39015022391133/mdp.39015022391133.json.bz2
uc1.$b301881	uc1/pairtree_root/$b/30/18/81/$b301881/uc1.$b301881.json.bz2
uc2.ark+=13960=t16m33f86	uc2/pairtree_root/ar/k+/=1/39/60/=t/16/m3/3f/86/ark+=13960=t16m33f86/uc2.ark+=13960=t16m33f86.json.bz2
inu.39000003330797	inu/pairtree_root/39/00/00/03/33/07/97/39000003330797/inu.39000003330797.json.bz2
uc2.ark+=13960=t1pg1nv9w	uc2/pairtree_root/ar/k+/=1/39/60/=t/1p/g1/nv/9w/ark+=13960=t1pg1nv9w/uc2.ark+=13960=t1pg1nv9w.json.bz2
nyp.33433082353768	nyp/pairtree_root/33/43/30/82/35/37/68/33433082353768/nyp.33433082353768.json.bz2
uc1.$b797656	uc1/pairtree_root/$b/79/76/56/$b797656/uc1.$b797656.json.bz2
nyp.33433074895990	nyp/pairtree_root/33/43/30/74/89/59/90/33433074895990/nyp.33433074895990.json.bz2
nyp.33433075749295	nyp/pairtree_root/33/43/30/75/74/92/95/33433075749295/nyp.33433075749295.json.bz2
uc2.ark+=13960=t10p0wz08	uc2/pairtree_root/ar/k+/=1/39/60/=t/10/p0/wz/08/ark+=13960=t10p0wz08/uc2.ark+=13960=t10p0wz08.json.bz2
nyp.33433084129646	nyp/pairtree_root/33/43/30/84/12/96/46/33433084129646/nyp.33433084129646.json.bz2
uc2.ark+=13960=t9n29rc1s	uc2/pairtree_root/ar/k+/=1/39/60/=t/9n/29/rc/1s/ark+=13960=t9n29rc1s/uc2.ark+=13960=t9n29rc1s.json.bz2
njp.32101079670517	njp/pairtree_root/32/10/10/79/67/05/17/32101079670517/njp.32101079670517.json.bz2
mdp.39015005148344	mdp/pairtree_root/39/01/50/05/14/83/44/39015005148344/mdp.39015005148344.json.bz2
osu.32435064818560	osu/pairtree_root/32/43/50/64/81/85/60/32435064818560/osu.32435064818560.json.bz2
uc2.ark+=13960=t75t3j32m	uc2/pairtree_root/ar/k+/=1/39/60/=t/75/t3/j3/2m/ark+=13960=t75t3j32m/uc2.ark+=13960=t75t3j32m.json.bz2
mdp.39015031305538	mdp/pairtree_root/39/01/50/31/30/55/38/39015031305538/mdp.39015031305538.json.bz2
uiuo.ark+=13960=t13n2tm28	uiuo/pairtree_root/ar/k+/=1/39/60/=t/13/n2/tm/28/ark+=13960=t13n2tm28/uiuo.ark+=13960=t13n2tm28.json.bz2
uc2.ark+=13960=t4jm24n5d	uc2/pairtree_root/ar/k+/=1/39/60/=t/4j/m2/4n/5d/ark+=13960=t4jm24n5d/uc2.ark+=13960=t4jm24n5d.json.bz2
uiuo.ark+=13960=t4kk9x89j	uiuo/pairtree_root/ar/k+/=1/39/60/=t/4k/k9/x8/9j/ark+=13960=t4kk9x89j/uiuo.ark+=13960=t4kk9x89j.json.bz2
uc1.b301202	uc1/pairtree_root/$b/30/12/02/$b301202/uc1.$b301202.json.bz2
nyp.33433076067085	nyp/pairtree_root/33/43/30/76/06/70/85/33433076067085/nyp.33433076067085.json.bz2
uc2.ark+=13960=t5x63jg14	uc2/pairtree_root/ar/k+/=1/39/60/=t/5x/63/jg/14/ark+=13960=t5x63jg14/uc2.ark+=13960=t5x63jg14.json.bz2
njp.32101065701169	njp/pairtree_root/32/10/10/65/70/11/69/32101065701169/njp.32101065701169.json.bz2
nyp.33433076050818	nyp/pairtree_root/33/43/30/76/05/08/18/33433076050818/nyp.33433076050818.json.bz2
mdp.39015063551512	mdp/pairtree_root/39/01/50/63/55/15/12/39015063551512/mdp.39015063551512.json.bz2
mdp.39015037848416	mdp/pairtree_root/39/01/50/37/84/84/16/39015037848416/mdp.39015037848416.json.bz2
uc2.ark+=13960=t52f7sh9h	uc2/pairtree_root/ar/k+/=1/39/60/=t/52/f7/sh/9h/ark+=13960=t52f7sh9h/uc2.ark+=13960=t52f7sh9h.json.bz2
mdp.39015000619067	mdp/pairtree_root/39/01/50/00/61/90/67/39015000619067/mdp.39015000619067.json.bz2
wu.89087910576	wu/pairtree_root/89/08/79/10/57/6/89087910576/wu.89087910576.json.bz2
uc1.b102395	uc1/pairtree_root/$b/10/23/95/$b102395/uc1.$b102395.json.bz2
uiuo.ark+=13960=t7tm7tp6t	uiuo/pairtree_root/ar/k+/=1/39/60/=t/7t/m7/tp/6t/ark+=13960=t7tm7tp6t/uiuo.ark+=13960=t7tm7tp6t.json.bz2
inu.30000011866658	inu/pairtree_root/30/00/00/11/86/66/58/30000011866658/inu.30000011866658.json.bz2
uc1.$b312450	uc1/pairtree_root/$b/31/24/50/$b312450/uc1.$b312450.json.bz2
uiuo.ark+=13960=t3xs60k95	uiuo/pairtree_root/ar/k+/=1/39/60/=t/3x/s6/0k/95/ark+=13960=t3xs60k95/uiuo.ark+=13960=t3xs60k95.json.bz2
nyp.33433074795125	nyp/pairtree_root/33/43/30/74/79/51/25/33433074795125/nyp.33433074795125.json.bz2
nyp.33433082530985	nyp/pairtree_root/33/43/30/82/53/09/85/33433082530985/nyp.33433082530985.json.bz2
mdp.39015063921038	mdp/pairtree_root/39/01/50/63/92/10/38/39015063921038/mdp.39015063921038.json.bz2
uc1.32106001971461	uc1/pairtree_root/32/10/60/01/97/14/61/32106001971461/uc1.32106001971461.json.bz2
njp.32101067634343	njp/pairtree_root/32/10/10/67/63/43/43/32101067634343/njp.32101067634343.json.bz2
mdp.39015066068613	mdp/pairtree_root/39/01/50/66/06/86/13/39015066068613/mdp.39015066068613.json.bz2
mdp.39076002720196	mdp/pairtree_root/39/07/60/02/72/01/96/39076002720196/mdp.39076002720196.json.bz2
pst.000009981584	pst/pairtree_root/00/00/09/98/15/84/000009981584/pst.000009981584.json.bz2
mdp.39015030851763	mdp/pairtree_root/39/01/50/30/85/17/63/39015030851763/mdp.39015030851763.json.bz2
uiuo.ark+=13960=t7jq1jx3g	uiuo/pairtree_root/ar/k+/=1/39/60/=t/7j/q1/jx/3g/ark+=13960=t7jq1jx3g/uiuo.ark+=13960=t7jq1jx3g.json.bz2
uc2.ark+=13960=t07w6779k	uc2/pairtree_root/ar/k+/=1/39/60/=t/07/w6/77/9k/ark+=13960=t07w6779k/uc2.ark+=13960=t07w6779k.json.bz2
uc2.ark+=13960=t5x63bj5g	uc2/pairtree_root/ar/k+/=1/39/60/=t/5x/63/bj/5g/ark+=13960=t5x63bj5g/uc2.ark+=13960=t5x63bj5g.json.bz2
njp.32101066457969	njp/pairtree_root/32/10/10/66/45/79/69/32101066457969/njp.32101066457969.json.bz2
nyp.33433074866538	nyp/pairtree_root/33/43/30/74/86/65/38/33433074866538/nyp.33433074866538.json.bz2
nyp.33433074911094	nyp/pairtree_root/33/43/30/74/91/10/94/33433074911094/nyp.33433074911094.json.bz2
uc2.ark+=13960=t5m904803	uc2/pairtree_root/ar/k+/=1/39/60/=t/5m/90/48/03/ark+=13960=t5m904803/uc2.ark+=13960=t5m904803.json.bz2
mdp.39015014510963	mdp/pairtree_root/39/01/50/14/51/09/63/39015014510963/mdp.39015014510963.json.bz2
uiuo.ark+=13960=t9378171p	uiuo/pairtree_root/ar/k+/=1/39/60/=t/93/78/17/1p/ark+=13960=t9378171p/uiuo.ark+=13960=t9378171p.json.bz2
mdp.39015006580941	mdp/pairtree_root/39/01/50/06/58/09/41/39015006580941/mdp.39015006580941.json.bz2
uc2.ark+=13960=fk52f7k42g	uc2/pairtree_root/ar/k+/=1/39/60/=f/k5/2f/7k/42/g/ark+=13960=fk52f7k42g/uc2.ark+=13960=fk52f7k42g.json.bz2
nyp.33433076066806	nyp/pairtree_root/33/43/30/76/06/68/06/33433076066806/nyp.33433076066806.json.bz2
mdp.39015005735421	mdp/pairtree_root/39/01/50/05/73/54/21/39015005735421/mdp.39015005735421.json.bz2
uc1.b4097394	uc1/pairtree_root/b4/09/73/94/b4097394/uc1.b4097394.json.bz2
mdp.39015003840595	mdp/pairtree_root/39/01/50/03/84/05/95/39015003840595/mdp.39015003840595.json.bz2
uc1.b3579188	uc1/pairtree_root/b3/57/91/88/b3579188/uc1.b3579188.json.bz2
nyp.33433084128267	nyp/pairtree_root/33/43/30/84/12/82/67/33433084128267/nyp.33433084128267.json.bz2
uc2.ark+=13960=t10p0ww49	uc2/pairtree_root/ar/k+/=1/39/60/=t/10/p0/ww/49/ark+=13960=t10p0ww49/uc2.ark+=13960=t10p0ww49.json.bz2
nyp.33433076074503	nyp/pairtree_root/33/43/30/76/07/45/03/33433076074503/nyp.33433076074503.json.bz2
uc1.$b56714	uc1/pairtree_root/$b/56/71/4/$b56714/uc1.$b56714.json.bz2
mdp.39015030719382	mdp/pairtree_root/39/01/50/30/71/93/82/39015030719382/mdp.39015030719382.json.bz2
nyp.33433082523873	nyp/pairtree_root/33/43/30/82/52/38/73/33433082523873/nyp.33433082523873.json.bz2
uc2.ark+=13960=t0tq5tt8x	uc2/pairtree_root/ar/k+/=1/39/60/=t/0t/q5/tt/8x/ark+=13960=t0tq5tt8x/uc2.ark+=13960=t0tq5tt8x.json.bz2
uc2.ark+=13960=t58c9t183	uc2/pairtree_root/ar/k+/=1/39/60/=t/58/c9/t1/83/ark+=13960=t58c9t183/uc2.ark+=13960=t58c9t183.json.bz2
uiuo.ark+=13960=t0vq3kb3w	uiuo/pairtree_root/ar/k+/=1/39/60/=t/0v/q3/kb/3w/ark+=13960=t0vq3kb3w/uiuo.ark+=13960=t0vq3kb3w.json.bz2
uc2.ark+=13960=t8bg2qv8f	uc2/pairtree_root/ar/k+/=1/39/60/=t/8b/g2/qv/8f/ark+=13960=t8bg2qv8f/uc2.ark+=13960=t8bg2qv8f.json.bz2
uc1.b3834727	uc1/pairtree_root/b3/83/47/27/b3834727/uc1.b3834727.json.bz2
njp.32101068179041	njp/pairtree_root/32/10/10/68/17/90/41/32101068179041/njp.32101068179041.json.bz2
nyp.33433076042153	nyp/pairtree_root/33/43/30/76/04/21/53/33433076042153/nyp.33433076042153.json.bz2
nyp.33433067368039	nyp/pairtree_root/33/43/30/67/36/80/39/33433067368039/nyp.33433067368039.json.bz2
uc2.ark+=13960=t8hd7rc3x	uc2/pairtree_root/ar/k+/=1/39/60/=t/8h/d7/rc/3x/ark+=13960=t8hd7rc3x/uc2.ark+=13960=t8hd7rc3x.json.bz2
uc1.b3325180	uc1/pairtree_root/b3/32/51/80/b3325180/uc1.b3325180.json.bz2
nyp.33433082170592	nyp/pairtree_root/33/43/30/82/17/05/92/33433082170592/nyp.33433082170592.json.bz2
njp.32101068168929	njp/pairtree_root/32/10/10/68/16/89/29/32101068168929/njp.32101068168929.json.bz2
nyp.33433081962098	nyp/pairtree_root/33/43/30/81/96/20/98/33433081962098/nyp.33433081962098.json.bz2
uiuo.ark+=13960=t47p9mm6s	uiuo/pairtree_root/ar/k+/=1/39/60/=t/47/p9/mm/6s/ark+=13960=t47p9mm6s/uiuo.ark+=13960=t47p9mm6s.json.bz2
mdp.39015016894654	mdp/pairtree_root/39/01/50/16/89/46/54/39015016894654/mdp.39015016894654.json.bz2
uiuo.ark+=13960=t4zg74x38	uiuo/pairtree_root/ar/k+/=1/39/60/=t/4z/g7/4x/38/ark+=13960=t4zg74x38/uiuo.ark+=13960=t4zg74x38.json.bz2
nyp.33433076053705	nyp/pairtree_root/33/43/30/76/05/37/05/33433076053705/nyp.33433076053705.json.bz2
uc2.ark+=13960=t1sf2nz58	uc2/pairtree_root/ar/k+/=1/39/60/=t/1s/f2/nz/58/ark+=13960=t1sf2nz58/uc2.ark+=13960=t1sf2nz58.json.bz2
uiuo.ark+=13960=t3xs6018h	uiuo/pairtree_root/ar/k+/=1/39/60/=t/3x/s6/01/8h/ark+=13960=t3xs6018h/uiuo.ark+=13960=t3xs6018h.json.bz2
inu.32000011500214	inu/pairtree_root/32/00/00/11/50/02/14/32000011500214/inu.32000011500214.json.bz2
uc2.ark+=13960=t0qr4pk66	uc2/pairtree_root/ar/k+/=1/39/60/=t/0q/r4/pk/66/ark+=13960=t0qr4pk66/uc2.ark+=13960=t0qr4pk66.json.bz2
mdp.49015000979592	mdp/pairtree_root/49/01/50/00/97/95/92/49015000979592/mdp.49015000979592.json.bz2
uc1.$b323595	uc1/pairtree_root/$b/32/35/95/$b323595/uc1.$b323595.json.bz2
uiuo.ark+=13960=t7cr63984	uiuo/pairtree_root/ar/k+/=1/39/60/=t/7c/r6/39/84/ark+=13960=t7cr63984/uiuo.ark+=13960=t7cr63984.json.bz2
uc2.ark+=13960=t3bz6461g	uc2/pairtree_root/ar/k+/=1/39/60/=t/3b/z6/46/1g/ark+=13960=t3bz6461g/uc2.ark+=13960=t3bz6461g.json.bz2
mdp.39015005776847	mdp/pairtree_root/39/01/50/05/77/68/47/39015005776847/mdp.39015005776847.json.bz2
nyp.33433074854625	nyp/pairtree_root/33/43/30/74/85/46/25/33433074854625/nyp.33433074854625.json.bz2
uc1.b3578724	uc1/pairtree_root/b3/57/87/24/b3578724/uc1.b3578724.json.bz2
wu.89098856453	wu/pairtree_root/89/09/88/56/45/3/89098856453/wu.89098856453.json.bz2
mdp.39015002753344	mdp/pairtree_root/39/01/50/02/75/33/44/39015002753344/mdp.39015002753344.json.bz2
uc1.32106006691585	uc1/pairtree_root/32/10/60/06/69/15/85/32106006691585/uc1.32106006691585.json.bz2
nyp.33433074896105	nyp/pairtree_root/33/43/30/74/89/61/05/33433074896105/nyp.33433074896105.json.bz2
mdp.39015039396083	mdp/pairtree_root/39/01/50/39/39/60/83/39015039396083/mdp.39015039396083.json.bz2
uiuo.ark+=13960=t9h427g45	uiuo/pairtree_root/ar/k+/=1/39/60/=t/9h/42/7g/45/ark+=13960=t9h427g45/uiuo.ark+=13960=t9h427g45.json.bz2
uiuo.ark+=13960=t4th9616r	uiuo/pairtree_root/ar/k+/=1/39/60/=t/4t/h9/61/6r/ark+=13960=t4th9616r/uiuo.ark+=13960=t4th9616r.json.bz2
uc1.b4082837	uc1/pairtree_root/b4/08/28/37/b4082837/uc1.b4082837.json.bz2
mdp.39015063545472	mdp/pairtree_root/39/01/50/63/54/54/72/39015063545472/mdp.39015063545472.json.bz2
uiuo.ark+=13960=t89g61j5w	uiuo/pairtree_root/ar/k+/=1/39/60/=t/89/g6/1j/5w/ark+=13960=t89g61j5w/uiuo.ark+=13960=t89g61j5w.json.bz2
uc1.$b245247	uc1/pairtree_root/$b/24/52/47/$b245247/uc1.$b245247.json.bz2
nyp.33433075732614	nyp/pairtree_root/33/43/30/75/73/26/14/33433075732614/nyp.33433075732614.json.bz2
uc1.$b56415	uc1/pairtree_root/$b/56/41/5/$b56415/uc1.$b56415.json.bz2
nyp.33433075752133	nyp/pairtree_root/33/43/30/75/75/21/33/33433075752133/nyp.33433075752133.json.bz2
nyp.33433074942545	nyp/pairtree_root/33/43/30/74/94/25/45/33433074942545/nyp.33433074942545.json.bz2
nyp.33433076059462	nyp/pairtree_root/33/43/30/76/05/94/62/33433076059462/nyp.33433076059462.json.bz2
uiuo.ark+=13960=t2q538k90	uiuo/pairtree_root/ar/k+/=1/39/60/=t/2q/53/8k/90/ark+=13960=t2q538k90/uiuo.ark+=13960=t2q538k90.json.bz2
njp.32101063580995	njp/pairtree_root/32/10/10/63/58/09/95/32101063580995/njp.32101063580995.json.bz2
uc1.b3325618	uc1/pairtree_root/b3/32/56/18/b3325618/uc1.b3325618.json.bz2
nyp.33433074877410	nyp/pairtree_root/33/43/30/74/87/74/10/33433074877410/nyp.33433074877410.json.bz2
uiuo.ark+=13960=t79s28b7c	uiuo/pairtree_root/ar/k+/=1/39/60/=t/79/s2/8b/7c/ark+=13960=t79s28b7c/uiuo.ark+=13960=t79s28b7c.json.bz2
uc2.ark+=13960=t1gh9cs39	uc2/pairtree_root/ar/k+/=1/39/60/=t/1g/h9/cs/39/ark+=13960=t1gh9cs39/uc2.ark+=13960=t1gh9cs39.json.bz2
uc1.b3326437	uc1/pairtree_root/b3/32/64/37/b3326437/uc1.b3326437.json.bz2
nyp.33433076043052	nyp/pairtree_root/33/43/30/76/04/30/52/33433076043052/nyp.33433076043052.json.bz2
uc2.ark+=13960=t6qz2389j	uc2/pairtree_root/ar/k+/=1/39/60/=t/6q/z2/38/9j/ark+=13960=t6qz2389j/uc2.ark+=13960=t6qz2389j.json.bz2
uc2.ark+=13960=t45q4v85j	uc2/pairtree_root/ar/k+/=1/39/60/=t/45/q4/v8/5j/ark+=13960=t45q4v85j/uc2.ark+=13960=t45q4v85j.json.bz2
osu.32435054215884	osu/pairtree_root/32/43/50/54/21/58/84/32435054215884/osu.32435054215884.json.bz2
uc2.ark+=13960=t2h70dt42	uc2/pairtree_root/ar/k+/=1/39/60/=t/2h/70/dt/42/ark+=13960=t2h70dt42/uc2.ark+=13960=t2h70dt42.json.bz2
mdp.39015008386784	mdp/pairtree_root/39/01/50/08/38/67/84/39015008386784/mdp.39015008386784.json.bz2
pst.000002132532	pst/pairtree_root/00/00/02/13/25/32/000002132532/pst.000002132532.json.bz2
uc1.b4512697	uc1/pairtree_root/b4/51/26/97/b4512697/uc1.b4512697.json.bz2
osu.32435009565813	osu/pairtree_root/32/43/50/09/56/58/13/32435009565813/osu.32435009565813.json.bz2
uc1.$b802367	uc1/pairtree_root/$b/80/23/67/$b802367/uc1.$b802367.json.bz2
nnc1.cu53417658	nnc1/pairtree_root/cu/53/41/76/58/cu53417658/nnc1.cu53417658.json.bz2
uc2.ark+=13960=t2r49pd51	uc2/pairtree_root/ar/k+/=1/39/60/=t/2r/49/pd/51/ark+=13960=t2r49pd51/uc2.ark+=13960=t2r49pd51.json.bz2
uiuo.ark+=13960=t4jm2n11m	uiuo/pairtree_root/ar/k+/=1/39/60/=t/4j/m2/n1/1m/ark+=13960=t4jm2n11m/uiuo.ark+=13960=t4jm2n11m.json.bz2
mdp.39015063963139	mdp/pairtree_root/39/01/50/63/96/31/39/39015063963139/mdp.39015063963139.json.bz2
nyp.33433082546916	nyp/pairtree_root/33/43/30/82/54/69/16/33433082546916/nyp.33433082546916.json.bz2
mdp.39015063924636	mdp/pairtree_root/39/01/50/63/92/46/36/39015063924636/mdp.39015063924636.json.bz2
njp.32101068167889	njp/pairtree_root/32/10/10/68/16/78/89/32101068167889/njp.32101068167889.json.bz2
uiuo.ark+=13960=t51g1046c	uiuo/pairtree_root/ar/k+/=1/39/60/=t/51/g1/04/6c/ark+=13960=t51g1046c/uiuo.ark+=13960=t51g1046c.json.bz2
mdp.39015031231437	mdp/pairtree_root/39/01/50/31/23/14/37/39015031231437/mdp.39015031231437.json.bz2
dul1.ark+=13960=t2f77261f	dul1/pairtree_root/ar/k+/=1/39/60/=t/2f/77/26/1f/ark+=13960=t2f77261f/dul1.ark+=13960=t2f77261f.json.bz2
uc1.b3688035	uc1/pairtree_root/b3/68/80/35/b3688035/uc1.b3688035.json.bz2
nyp.33433076087943	nyp/pairtree_root/33/43/30/76/08/79/43/33433076087943/nyp.33433076087943.json.bz2
mdp.49015000988411	mdp/pairtree_root/49/01/50/00/98/84/11/49015000988411/mdp.49015000988411.json.bz2
inu.30000104239052	inu/pairtree_root/30/00/01/04/23/90/52/30000104239052/inu.30000104239052.json.bz2
mdp.39015063761228	mdp/pairtree_root/39/01/50/63/76/12/28/39015063761228/mdp.39015063761228.json.bz2
mdp.39015012373794	mdp/pairtree_root/39/01/50/12/37/37/94/39015012373794/mdp.39015012373794.json.bz2
inu.32000007094677	inu/pairtree_root/32/00/00/07/09/46/77/32000007094677/inu.32000007094677.json.bz2
uc2.ark+=13960=t3gx46m3s	uc2/pairtree_root/ar/k+/=1/39/60/=t/3g/x4/6m/3s/ark+=13960=t3gx46m3s/uc2.ark+=13960=t3gx46m3s.json.bz2
wu.89098020795	wu/pairtree_root/89/09/80/20/79/5/89098020795/wu.89098020795.json.bz2
uc2.ark+=13960=t1mg7mm2m	uc2/pairtree_root/ar/k+/=1/39/60/=t/1m/g7/mm/2m/ark+=13960=t1mg7mm2m/uc2.ark+=13960=t1mg7mm2m.json.bz2
uc1.$b300263	uc1/pairtree_root/$b/30/02/63/$b300263/uc1.$b300263.json.bz2
uc1.32106001973962	uc1/pairtree_root/32/10/60/01/97/39/62/32106001973962/uc1.32106001973962.json.bz2
uc2.ark+=13960=t7sn04s0c	uc2/pairtree_root/ar/k+/=1/39/60/=t/7s/n0/4s/0c/ark+=13960=t7sn04s0c/uc2.ark+=13960=t7sn04s0c.json.bz2
mdp.39015002742305	mdp/pairtree_root/39/01/50/02/74/23/05/39015002742305/mdp.39015002742305.json.bz2
mdp.39015073479282	mdp/pairtree_root/39/01/50/73/47/92/82/39015073479282/mdp.39015073479282.json.bz2
mdp.39015030995818	mdp/pairtree_root/39/01/50/30/99/58/18/39015030995818/mdp.39015030995818.json.bz2
uc1.$b322871	uc1/pairtree_root/$b/32/28/71/$b322871/uc1.$b322871.json.bz2
uc1.b4113044	uc1/pairtree_root/b4/11/30/44/b4113044/uc1.b4113044.json.bz2
uc2.ark+=13960=t4vh5db24	uc2/pairtree_root/ar/k+/=1/39/60/=t/4v/h5/db/24/ark+=13960=t4vh5db24/uc2.ark+=13960=t4vh5db24.json.bz2
uc1.$b245139	uc1/pairtree_root/$b/24/51/39/$b245139/uc1.$b245139.json.bz2
uc2.ark+=13960=t08w3g41f	uc2/pairtree_root/ar/k+/=1/39/60/=t/08/w3/g4/1f/ark+=13960=t08w3g41f/uc2.ark+=13960=t08w3g41f.json.bz2
nyp.33433076050768	nyp/pairtree_root/33/43/30/76/05/07/68/33433076050768/nyp.33433076050768.json.bz2
mdp.39015063952751	mdp/pairtree_root/39/01/50/63/95/27/51/39015063952751/mdp.39015063952751.json.bz2
njp.32101071958951	njp/pairtree_root/32/10/10/71/95/89/51/32101071958951/njp.32101071958951.json.bz2
uc1.b243629	uc1/pairtree_root/$b/24/36/29/$b243629/uc1.$b243629.json.bz2
njp.32101067633253	njp/pairtree_root/32/10/10/67/63/32/53/32101067633253/njp.32101067633253.json.bz2
njp.32101068168911	njp/pairtree_root/32/10/10/68/16/89/11/32101068168911/njp.32101068168911.json.bz2
nyp.33433074890074	nyp/pairtree_root/33/43/30/74/89/00/74/33433074890074/nyp.33433074890074.json.bz2
wu.89098003668	wu/pairtree_root/89/09/80/03/66/8/89098003668/wu.89098003668.json.bz2
mdp.39015053606771	mdp/pairtree_root/39/01/50/53/60/67/71/39015053606771/mdp.39015053606771.json.bz2
uc2.ark+=13960=t3320543j	uc2/pairtree_root/ar/k+/=1/39/60/=t/33/20/54/3j/ark+=13960=t3320543j/uc2.ark+=13960=t3320543j.json.bz2
mdp.39015031228029	mdp/pairtree_root/39/01/50/31/22/80/29/39015031228029/mdp.39015031228029.json.bz2
dul1.ark+=13960=t1fj34z1f	dul1/pairtree_root/ar/k+/=1/39/60/=t/1f/j3/4z/1f/ark+=13960=t1fj34z1f/dul1.ark+=13960=t1fj34z1f.json.bz2
uc2.ark+=13960=t1dj5fc10	uc2/pairtree_root/ar/k+/=1/39/60/=t/1d/j5/fc/10/ark+=13960=t1dj5fc10/uc2.ark+=13960=t1dj5fc10.json.bz2
mdp.39015031311684	mdp/pairtree_root/39/01/50/31/31/16/84/39015031311684/mdp.39015031311684.json.bz2
uiuo.ark+=13960=t4vh67901	uiuo/pairtree_root/ar/k+/=1/39/60/=t/4v/h6/79/01/ark+=13960=t4vh67901/uiuo.ark+=13960=t4vh67901.json.bz2
nyp.33433075748867	nyp/pairtree_root/33/43/30/75/74/88/67/33433075748867/nyp.33433075748867.json.bz2
uc2.ark+=13960=t6h12wz10	uc2/pairtree_root/ar/k+/=1/39/60/=t/6h/12/wz/10/ark+=13960=t6h12wz10/uc2.ark+=13960=t6h12wz10.json.bz2
uc1.b4102980	uc1/pairtree_root/b4/10/29/80/b4102980/uc1.b4102980.json.bz2
mdp.39015000543002	mdp/pairtree_root/39/01/50/00/54/30/02/39015000543002/mdp.39015000543002.json.bz2
nc01.ark+=13960=t5r78z14d	nc01/pairtree_root/ar/k+/=1/39/60/=t/5r/78/z1/4d/ark+=13960=t5r78z14d/nc01.ark+=13960=t5r78z14d.json.bz2
uc1.b3327058	uc1/pairtree_root/b3/32/70/58/b3327058/uc1.b3327058.json.bz2
uc2.ark+=13960=t25b01m57	uc2/pairtree_root/ar/k+/=1/39/60/=t/25/b0/1m/57/ark+=13960=t25b01m57/uc2.ark+=13960=t25b01m57.json.bz2
uc2.ark+=13960=t4sj1g55c	uc2/pairtree_root/ar/k+/=1/39/60/=t/4s/j1/g5/5c/ark+=13960=t4sj1g55c/uc2.ark+=13960=t4sj1g55c.json.bz2
uc2.ark+=13960=t5gb2142w	uc2/pairtree_root/ar/k+/=1/39/60/=t/5g/b2/14/2w/ark+=13960=t5gb2142w/uc2.ark+=13960=t5gb2142w.json.bz2
mdp.39015011425439	mdp/pairtree_root/39/01/50/11/42/54/39/39015011425439/mdp.39015011425439.json.bz2
nyp.33433076048002	nyp/pairtree_root/33/43/30/76/04/80/02/33433076048002/nyp.33433076048002.json.bz2
uc2.ark+=13960=t53f4r152	uc2/pairtree_root/ar/k+/=1/39/60/=t/53/f4/r1/52/ark+=13960=t53f4r152/uc2.ark+=13960=t53f4r152.json.bz2
nyp.33433074795042	nyp/pairtree_root/33/43/30/74/79/50/42/33433074795042/nyp.33433074795042.json.bz2
mdp.39015066057277	mdp/pairtree_root/39/01/50/66/05/72/77/39015066057277/mdp.39015066057277.json.bz2
uiuo.ark+=13960=t56d6ds4n	uiuo/pairtree_root/ar/k+/=1/39/60/=t/56/d6/ds/4n/ark+=13960=t56d6ds4n/uiuo.ark+=13960=t56d6ds4n.json.bz2
inu.32000009118748	inu/pairtree_root/32/00/00/09/11/87/48/32000009118748/inu.32000009118748.json.bz2
uc1.b3322489	uc1/pairtree_root/b3/32/24/89/b3322489/uc1.b3322489.json.bz2
nyp.33433082548342	nyp/pairtree_root/33/43/30/82/54/83/42/33433082548342/nyp.33433082548342.json.bz2
mdp.39015065391388	mdp/pairtree_root/39/01/50/65/39/13/88/39015065391388/mdp.39015065391388.json.bz2
uc2.ark+=13960=t07w67c6x	uc2/pairtree_root/ar/k+/=1/39/60/=t/07/w6/7c/6x/ark+=13960=t07w67c6x/uc2.ark+=13960=t07w67c6x.json.bz2
uc1.b249764	uc1/pairtree_root/$b/24/97/64/$b249764/uc1.$b249764.json.bz2
nyp.33433075768618	nyp/pairtree_root/33/43/30/75/76/86/18/33433075768618/nyp.33433075768618.json.bz2
uc2.ark+=13960=t6833w53j	uc2/pairtree_root/ar/k+/=1/39/60/=t/68/33/w5/3j/ark+=13960=t6833w53j/uc2.ark+=13960=t6833w53j.json.bz2
uiuo.ark+=13960=t9z03rv69	uiuo/pairtree_root/ar/k+/=1/39/60/=t/9z/03/rv/69/ark+=13960=t9z03rv69/uiuo.ark+=13960=t9z03rv69.json.bz2
mdp.39015013792281	mdp/pairtree_root/39/01/50/13/79/22/81/39015013792281/mdp.39015013792281.json.bz2
uc2.ark+=13960=t14m91k99	uc2/pairtree_root/ar/k+/=1/39/60/=t/14/m9/1k/99/ark+=13960=t14m91k99/uc2.ark+=13960=t14m91k99.json.bz2
uc2.ark+=13960=t9t15276t	uc2/pairtree_root/ar/k+/=1/39/60/=t/9t/15/27/6t/ark+=13960=t9t15276t/uc2.ark+=13960=t9t15276t.json.bz2
inu.32000000970782	inu/pairtree_root/32/00/00/00/97/07/82/32000000970782/inu.32000000970782.json.bz2
uiuo.ark+=13960=t8mc9hb8b	uiuo/pairtree_root/ar/k+/=1/39/60/=t/8m/c9/hb/8b/ark+=13960=t8mc9hb8b/uiuo.ark+=13960=t8mc9hb8b.json.bz2
nyp.33433075767198	nyp/pairtree_root/33/43/30/75/76/71/98/33433075767198/nyp.33433075767198.json.bz2
mdp.39015048550019	mdp/pairtree_root/39/01/50/48/55/00/19/39015048550019/mdp.39015048550019.json.bz2
mdp.39015066052054	mdp/pairtree_root/39/01/50/66/05/20/54/39015066052054/mdp.39015066052054.json.bz2
nyp.33433075904890	nyp/pairtree_root/33/43/30/75/90/48/90/33433075904890/nyp.33433075904890.json.bz2
mdp.39015011506139	mdp/pairtree_root/39/01/50/11/50/61/39/39015011506139/mdp.39015011506139.json.bz2
mdp.39015011425355	mdp/pairtree_root/39/01/50/11/42/53/55/39015011425355/mdp.39015011425355.json.bz2
mdp.39015059375942	mdp/pairtree_root/39/01/50/59/37/59/42/39015059375942/mdp.39015059375942.json.bz2
uc1.$b56382	uc1/pairtree_root/$b/56/38/2/$b56382/uc1.$b56382.json.bz2
uiuo.ark+=13960=t9k36cm5w	uiuo/pairtree_root/ar/k+/=1/39/60/=t/9k/36/cm/5w/ark+=13960=t9k36cm5w/uiuo.ark+=13960=t9k36cm5w.json.bz2
uiuo.ark+=13960=t83j42304	uiuo/pairtree_root/ar/k+/=1/39/60/=t/83/j4/23/04/ark+=13960=t83j42304/uiuo.ark+=13960=t83j42304.json.bz2
njp.32101068176260	njp/pairtree_root/32/10/10/68/17/62/60/32101068176260/njp.32101068176260.json.bz2
njp.32101067632644	njp/pairtree_root/32/10/10/67/63/26/44/32101067632644/njp.32101067632644.json.bz2
dul1.ark+=13960=t3nw0276b	dul1/pairtree_root/ar/k+/=1/39/60/=t/3n/w0/27/6b/ark+=13960=t3nw0276b/dul1.ark+=13960=t3nw0276b.json.bz2
uc2.ark+=13960=t72v2dq8z	uc2/pairtree_root/ar/k+/=1/39/60/=t/72/v2/dq/8z/ark+=13960=t72v2dq8z/uc2.ark+=13960=t72v2dq8z.json.bz2
pst.000005602179	pst/pairtree_root/00/00/05/60/21/79/000005602179/pst.000005602179.json.bz2
uc1.b3548184	uc1/pairtree_root/b3/54/81/84/b3548184/uc1.b3548184.json.bz2
uc1.b3810837	uc1/pairtree_root/b3/81/08/37/b3810837/uc1.b3810837.json.bz2
mdp.39015065447487	mdp/pairtree_root/39/01/50/65/44/74/87/39015065447487/mdp.39015065447487.json.bz2
uc1.b3862825	uc1/pairtree_root/b3/86/28/25/b3862825/uc1.b3862825.json.bz2
nyp.33433000665830	nyp/pairtree_root/33/43/30/00/66/58/30/33433000665830/nyp.33433000665830.json.bz2
uc2.ark+=13960=t3zs2n00v	uc2/pairtree_root/ar/k+/=1/39/60/=t/3z/s2/n0/0v/ark+=13960=t3zs2n00v/uc2.ark+=13960=t3zs2n00v.json.bz2
uc1.$b807239	uc1/pairtree_root/$b/80/72/39/$b807239/uc1.$b807239.json.bz2
uc2.ark+=13960=t8v982h89	uc2/pairtree_root/ar/k+/=1/39/60/=t/8v/98/2h/89/ark+=13960=t8v982h89/uc2.ark+=13960=t8v982h89.json.bz2
uc1.b3295221	uc1/pairtree_root/b3/29/52/21/b3295221/uc1.b3295221.json.bz2
uc1.$b299883	uc1/pairtree_root/$b/29/98/83/$b299883/uc1.$b299883.json.bz2
uc2.ark+=13960=t7sn01q3p	uc2/pairtree_root/ar/k+/=1/39/60/=t/7s/n0/1q/3p/ark+=13960=t7sn01q3p/uc2.ark+=13960=t7sn01q3p.json.bz2
nyp.33433074866710	nyp/pairtree_root/33/43/30/74/86/67/10/33433074866710/nyp.33433074866710.json.bz2
mdp.39015018606445	mdp/pairtree_root/39/01/50/18/60/64/45/39015018606445/mdp.39015018606445.json.bz2
mdp.39015063541273	mdp/pairtree_root/39/01/50/63/54/12/73/39015063541273/mdp.39015063541273.json.bz2
uc1.32106002137674	uc1/pairtree_root/32/10/60/02/13/76/74/32106002137674/uc1.32106002137674.json.bz2
mdp.39015028550013	mdp/pairtree_root/39/01/50/28/55/00/13/39015028550013/mdp.39015028550013.json.bz2
nyp.33433076059488	nyp/pairtree_root/33/43/30/76/05/94/88/33433076059488/nyp.33433076059488.json.bz2
njp.32101068178340	njp/pairtree_root/32/10/10/68/17/83/40/32101068178340/njp.32101068178340.json.bz2
uc2.ark+=13960=t85h7cw8f	uc2/pairtree_root/ar/k+/=1/39/60/=t/85/h7/cw/8f/ark+=13960=t85h7cw8f/uc2.ark+=13960=t85h7cw8f.json.bz2
uiuo.ark+=13960=t4dn4fz70	uiuo/pairtree_root/ar/k+/=1/39/60/=t/4d/n4/fz/70/ark+=13960=t4dn4fz70/uiuo.ark+=13960=t4dn4fz70.json.bz2
uc1.b3346792	uc1/pairtree_root/b3/34/67/92/b3346792/uc1.b3346792.json.bz2
uiuo.ark+=13960=t2988h62s	uiuo/pairtree_root/ar/k+/=1/39/60/=t/29/88/h6/2s/ark+=13960=t2988h62s/uiuo.ark+=13960=t2988h62s.json.bz2
uiuo.ark+=13960=t0zp49h3s	uiuo/pairtree_root/ar/k+/=1/39/60/=t/0z/p4/9h/3s/ark+=13960=t0zp49h3s/uiuo.ark+=13960=t0zp49h3s.json.bz2
uiuo.ark+=13960=t5t733b8r	uiuo/pairtree_root/ar/k+/=1/39/60/=t/5t/73/3b/8r/ark+=13960=t5t733b8r/uiuo.ark+=13960=t5t733b8r.json.bz2
nyp.33433074870829	nyp/pairtree_root/33/43/30/74/87/08/29/33433074870829/nyp.33433074870829.json.bz2
mdp.39015061863992	mdp/pairtree_root/39/01/50/61/86/39/92/39015061863992/mdp.39015061863992.json.bz2
mdp.39015063761210	mdp/pairtree_root/39/01/50/63/76/12/10/39015063761210/mdp.39015063761210.json.bz2
nyp.33433074872130	nyp/pairtree_root/33/43/30/74/87/21/30/33433074872130/nyp.33433074872130.json.bz2
nyp.33433074915962	nyp/pairtree_root/33/43/30/74/91/59/62/33433074915962/nyp.33433074915962.json.bz2
njp.32101066458975	njp/pairtree_root/32/10/10/66/45/89/75/32101066458975/njp.32101066458975.json.bz2
nyp.33433074859699	nyp/pairtree_root/33/43/30/74/85/96/99/33433074859699/nyp.33433074859699.json.bz2
mdp.39015066053144	mdp/pairtree_root/39/01/50/66/05/31/44/39015066053144/mdp.39015066053144.json.bz2
mdp.39015011425389	mdp/pairtree_root/39/01/50/11/42/53/89/39015011425389/mdp.39015011425389.json.bz2
uc1.$b312650	uc1/pairtree_root/$b/31/26/50/$b312650/uc1.$b312650.json.bz2
njp.32101067707461	njp/pairtree_root/32/10/10/67/70/74/61/32101067707461/njp.32101067707461.json.bz2
njp.32101068166022	njp/pairtree_root/32/10/10/68/16/60/22/32101068166022/njp.32101068166022.json.bz2
umn.31951002082062h	umn/pairtree_root/31/95/10/02/08/20/62/h/31951002082062h/umn.31951002082062h.json.bz2
uc2.ark+=13960=t9p26ws5x	uc2/pairtree_root/ar/k+/=1/39/60/=t/9p/26/ws/5x/ark+=13960=t9p26ws5x/uc2.ark+=13960=t9p26ws5x.json.bz2
uc1.b3136560	uc1/pairtree_root/b3/13/65/60/b3136560/uc1.b3136560.json.bz2
uc1.b4582062	uc1/pairtree_root/b4/58/20/62/b4582062/uc1.b4582062.json.bz2
nyp.33433074943097	nyp/pairtree_root/33/43/30/74/94/30/97/33433074943097/nyp.33433074943097.json.bz2
uc1.b3123461	uc1/pairtree_root/b3/12/34/61/b3123461/uc1.b3123461.json.bz2
umn.31951002069235p	umn/pairtree_root/31/95/10/02/06/92/35/p/31951002069235p/umn.31951002069235p.json.bz2
nyp.33433074850516	nyp/pairtree_root/33/43/30/74/85/05/16/33433074850516/nyp.33433074850516.json.bz2
pst.000029697519	pst/pairtree_root/00/00/29/69/75/19/000029697519/pst.000029697519.json.bz2
uiuo.ark+=13960=t43r1cm88	uiuo/pairtree_root/ar/k+/=1/39/60/=t/43/r1/cm/88/ark+=13960=t43r1cm88/uiuo.ark+=13960=t43r1cm88.json.bz2
uc2.ark+=13960=t07w6824b	uc2/pairtree_root/ar/k+/=1/39/60/=t/07/w6/82/4b/ark+=13960=t07w6824b/uc2.ark+=13960=t07w6824b.json.bz2
mdp.39015049691218	mdp/pairtree_root/39/01/50/49/69/12/18/39015049691218/mdp.39015049691218.json.bz2
nyp.33433075763866	nyp/pairtree_root/33/43/30/75/76/38/66/33433075763866/nyp.33433075763866.json.bz2
uc1.b3327580	uc1/pairtree_root/b3/32/75/80/b3327580/uc1.b3327580.json.bz2
mdp.39015025919393	mdp/pairtree_root/39/01/50/25/91/93/93/39015025919393/mdp.39015025919393.json.bz2
nyp.33433076049232	nyp/pairtree_root/33/43/30/76/04/92/32/33433076049232/nyp.33433076049232.json.bz2
uc2.ark+=13960=t1sf2mf2p	uc2/pairtree_root/ar/k+/=1/39/60/=t/1s/f2/mf/2p/ark+=13960=t1sf2mf2p/uc2.ark+=13960=t1sf2mf2p.json.bz2
mdp.39015002141011	mdp/pairtree_root/39/01/50/02/14/10/11/39015002141011/mdp.39015002141011.json.bz2
uc2.ark+=13960=t0vq30t72	uc2/pairtree_root/ar/k+/=1/39/60/=t/0v/q3/0t/72/ark+=13960=t0vq30t72/uc2.ark+=13960=t0vq30t72.json.bz2
mdp.39015009398465	mdp/pairtree_root/39/01/50/09/39/84/65/39015009398465/mdp.39015009398465.json.bz2
uc2.ark+=13960=t25b02j1t	uc2/pairtree_root/ar/k+/=1/39/60/=t/25/b0/2j/1t/ark+=13960=t25b02j1t/uc2.ark+=13960=t25b02j1t.json.bz2
mdp.39015030071941	mdp/pairtree_root/39/01/50/30/07/19/41/39015030071941/mdp.39015030071941.json.bz2
osu.32435066780487	osu/pairtree_root/32/43/50/66/78/04/87/32435066780487/osu.32435066780487.json.bz2
njp.32101067647303	njp/pairtree_root/32/10/10/67/64/73/03/32101067647303/njp.32101067647303.json.bz2
uc1.$b312400	uc1/pairtree_root/$b/31/24/00/$b312400/uc1.$b312400.json.bz2
mdp.39015030719481	mdp/pairtree_root/39/01/50/30/71/94/81/39015030719481/mdp.39015030719481.json.bz2
mdp.39015017687289	mdp/pairtree_root/39/01/50/17/68/72/89/39015017687289/mdp.39015017687289.json.bz2
uiuo.ark+=13960=t01z4t30j	uiuo/pairtree_root/ar/k+/=1/39/60/=t/01/z4/t3/0j/ark+=13960=t01z4t30j/uiuo.ark+=13960=t01z4t30j.json.bz2
uiuo.ark+=13960=t9v12mm90	uiuo/pairtree_root/ar/k+/=1/39/60/=t/9v/12/mm/90/ark+=13960=t9v12mm90/uiuo.ark+=13960=t9v12mm90.json.bz2
uc2.ark+=13960=t94748z1s	uc2/pairtree_root/ar/k+/=1/39/60/=t/94/74/8z/1s/ark+=13960=t94748z1s/uc2.ark+=13960=t94748z1s.json.bz2
uiuo.ark+=13960=t9w09kf0m	uiuo/pairtree_root/ar/k+/=1/39/60/=t/9w/09/kf/0m/ark+=13960=t9w09kf0m/uiuo.ark+=13960=t9w09kf0m.json.bz2
nyp.33433076072028	nyp/pairtree_root/33/43/30/76/07/20/28/33433076072028/nyp.33433076072028.json.bz2
uc2.ark+=13960=t9n29z109	uc2/pairtree_root/ar/k+/=1/39/60/=t/9n/29/z1/09/ark+=13960=t9n29z109/uc2.ark+=13960=t9n29z109.json.bz2
uc1.32106006434416	uc1/pairtree_root/32/10/60/06/43/44/16/32106006434416/uc1.32106006434416.json.bz2
uiuo.ark+=13960=t3jw8nr85	uiuo/pairtree_root/ar/k+/=1/39/60/=t/3j/w8/nr/85/ark+=13960=t3jw8nr85/uiuo.ark+=13960=t3jw8nr85.json.bz2
coo.31924013587674	coo/pairtree_root/31/92/40/13/58/76/74/31924013587674/coo.31924013587674.json.bz2
mdp.39015025363139	mdp/pairtree_root/39/01/50/25/36/31/39/39015025363139/mdp.39015025363139.json.bz2
uc2.ark+=13960=t2m61hb1j	uc2/pairtree_root/ar/k+/=1/39/60/=t/2m/61/hb/1j/ark+=13960=t2m61hb1j/uc2.ark+=13960=t2m61hb1j.json.bz2
mdp.39015063946241	mdp/pairtree_root/39/01/50/63/94/62/41/39015063946241/mdp.39015063946241.json.bz2
uiuo.ark+=13960=t6154zd7b	uiuo/pairtree_root/ar/k+/=1/39/60/=t/61/54/zd/7b/ark+=13960=t6154zd7b/uiuo.ark+=13960=t6154zd7b.json.bz2
mdp.39015030751815	mdp/pairtree_root/39/01/50/30/75/18/15/39015030751815/mdp.39015030751815.json.bz2
uc2.ark+=13960=t0ht2v58x	uc2/pairtree_root/ar/k+/=1/39/60/=t/0h/t2/v5/8x/ark+=13960=t0ht2v58x/uc2.ark+=13960=t0ht2v58x.json.bz2
uiuo.ark+=13960=t96694c25	uiuo/pairtree_root/ar/k+/=1/39/60/=t/96/69/4c/25/ark+=13960=t96694c25/uiuo.ark+=13960=t96694c25.json.bz2
nyp.33433076089220	nyp/pairtree_root/33/43/30/76/08/92/20/33433076089220/nyp.33433076089220.json.bz2
uc2.ark+=13960=t9862fb3w	uc2/pairtree_root/ar/k+/=1/39/60/=t/98/62/fb/3w/ark+=13960=t9862fb3w/uc2.ark+=13960=t9862fb3w.json.bz2
mdp.39015035730640	mdp/pairtree_root/39/01/50/35/73/06/40/39015035730640/mdp.39015035730640.json.bz2
nyp.33433076049794	nyp/pairtree_root/33/43/30/76/04/97/94/33433076049794/nyp.33433076049794.json.bz2
uc1.$b106144	uc1/pairtree_root/$b/10/61/44/$b106144/uc1.$b106144.json.bz2
uc1.b4090082	uc1/pairtree_root/b4/09/00/82/b4090082/uc1.b4090082.json.bz2
uc1.b4104262	uc1/pairtree_root/b4/10/42/62/b4104262/uc1.b4104262.json.bz2
nyp.33433076054059	nyp/pairtree_root/33/43/30/76/05/40/59/33433076054059/nyp.33433076054059.json.bz2
nc01.ark+=13960=t6b28c502	nc01/pairtree_root/ar/k+/=1/39/60/=t/6b/28/c5/02/ark+=13960=t6b28c502/nc01.ark+=13960=t6b28c502.json.bz2
dul1.ark+=13960=t03x8jh3v	dul1/pairtree_root/ar/k+/=1/39/60/=t/03/x8/jh/3v/ark+=13960=t03x8jh3v/dul1.ark+=13960=t03x8jh3v.json.bz2
uc1.$b56440	uc1/pairtree_root/$b/56/44/0/$b56440/uc1.$b56440.json.bz2
wu.89098011976	wu/pairtree_root/89/09/80/11/97/6/89098011976/wu.89098011976.json.bz2
mdp.39015063916590	mdp/pairtree_root/39/01/50/63/91/65/90/39015063916590/mdp.39015063916590.json.bz2
uc2.ark+=13960=t7cr5nx6g	uc2/pairtree_root/ar/k+/=1/39/60/=t/7c/r5/nx/6g/ark+=13960=t7cr5nx6g/uc2.ark+=13960=t7cr5nx6g.json.bz2
uiuo.ark+=13960=t3417852c	uiuo/pairtree_root/ar/k+/=1/39/60/=t/34/17/85/2c/ark+=13960=t3417852c/uiuo.ark+=13960=t3417852c.json.bz2
mdp.39015008191382	mdp/pairtree_root/39/01/50/08/19/13/82/39015008191382/mdp.39015008191382.json.bz2
wu.89006934889	wu/pairtree_root/89/00/69/34/88/9/89006934889/wu.89006934889.json.bz2
nyp.33433076076334	nyp/pairtree_root/33/43/30/76/07/63/34/33433076076334/nyp.33433076076334.json.bz2
nyp.33433074865779	nyp/pairtree_root/33/43/30/74/86/57/79/33433074865779/nyp.33433074865779.json.bz2
nyp.33433076083645	nyp/pairtree_root/33/43/30/76/08/36/45/33433076083645/nyp.33433076083645.json.bz2
mdp.49015002676170	mdp/pairtree_root/49/01/50/02/67/61/70/49015002676170/mdp.49015002676170.json.bz2
nyp.33433076090970	nyp/pairtree_root/33/43/30/76/09/09/70/33433076090970/nyp.33433076090970.json.bz2
uc1.$b85973	uc1/pairtree_root/$b/85/97/3/$b85973/uc1.$b85973.json.bz2
inu.32000000320673	inu/pairtree_root/32/00/00/00/32/06/73/32000000320673/inu.32000000320673.json.bz2
njp.32101073395038	njp/pairtree_root/32/10/10/73/39/50/38/32101073395038/njp.32101073395038.json.bz2
uiuo.ark+=13960=t9f47xt5p	uiuo/pairtree_root/ar/k+/=1/39/60/=t/9f/47/xt/5p/ark+=13960=t9f47xt5p/uiuo.ark+=13960=t9f47xt5p.json.bz2
osu.32435022102032	osu/pairtree_root/32/43/50/22/10/20/32/32435022102032/osu.32435022102032.json.bz2
nyp.33433034410518	nyp/pairtree_root/33/43/30/34/41/05/18/33433034410518/nyp.33433034410518.json.bz2
uiuo.ark+=13960=t51g10g4w	uiuo/pairtree_root/ar/k+/=1/39/60/=t/51/g1/0g/4w/ark+=13960=t51g10g4w/uiuo.ark+=13960=t51g10g4w.json.bz2
uc2.ark+=13960=t3tt4h41b	uc2/pairtree_root/ar/k+/=1/39/60/=t/3t/t4/h4/1b/ark+=13960=t3tt4h41b/uc2.ark+=13960=t3tt4h41b.json.bz2
inu.32000006997615	inu/pairtree_root/32/00/00/06/99/76/15/32000006997615/inu.32000006997615.json.bz2
uiuo.ark+=13960=t4gm8rt0b	uiuo/pairtree_root/ar/k+/=1/39/60/=t/4g/m8/rt/0b/ark+=13960=t4gm8rt0b/uiuo.ark+=13960=t4gm8rt0b.json.bz2
mdp.39076005011502	mdp/pairtree_root/39/07/60/05/01/15/02/39076005011502/mdp.39076005011502.json.bz2
pst.000006723453	pst/pairtree_root/00/00/06/72/34/53/000006723453/pst.000006723453.json.bz2
nyp.33433075738033	nyp/pairtree_root/33/43/30/75/73/80/33/33433075738033/nyp.33433075738033.json.bz2
mdp.39015013303451	mdp/pairtree_root/39/01/50/13/30/34/51/39015013303451/mdp.39015013303451.json.bz2
yale.39002030972336	yale/pairtree_root/39/00/20/30/97/23/36/39002030972336/yale.39002030972336.json.bz2
pst.000008804044	pst/pairtree_root/00/00/08/80/40/44/000008804044/pst.000008804044.json.bz2
mdp.39015027996860	mdp/pairtree_root/39/01/50/27/99/68/60/39015027996860/mdp.39015027996860.json.bz2
uc1.$b186815	uc1/pairtree_root/$b/18/68/15/$b186815/uc1.$b186815.json.bz2
uc1.b4097697	uc1/pairtree_root/b4/09/76/97/b4097697/uc1.b4097697.json.bz2
mdp.39015014365145	mdp/pairtree_root/39/01/50/14/36/51/45/39015014365145/mdp.39015014365145.json.bz2
uc2.ark+=13960=t1rf5zh8f	uc2/pairtree_root/ar/k+/=1/39/60/=t/1r/f5/zh/8f/ark+=13960=t1rf5zh8f/uc2.ark+=13960=t1rf5zh8f.json.bz2
mdp.39015024086434	mdp/pairtree_root/39/01/50/24/08/64/34/39015024086434/mdp.39015024086434.json.bz2
uc1.a0001253111	uc1/pairtree_root/a0/00/12/53/11/1/a0001253111/uc1.a0001253111.json.bz2
mdp.39015063550894	mdp/pairtree_root/39/01/50/63/55/08/94/39015063550894/mdp.39015063550894.json.bz2
uc1.$b86170	uc1/pairtree_root/$b/86/17/0/$b86170/uc1.$b86170.json.bz2
uc2.ark+=13960=t21c1zs54	uc2/pairtree_root/ar/k+/=1/39/60/=t/21/c1/zs/54/ark+=13960=t21c1zs54/uc2.ark+=13960=t21c1zs54.json.bz2
mdp.39015063919248	mdp/pairtree_root/39/01/50/63/91/92/48/39015063919248/mdp.39015063919248.json.bz2
uc2.ark+=13960=t8bg2j878	uc2/pairtree_root/ar/k+/=1/39/60/=t/8b/g2/j8/78/ark+=13960=t8bg2j878/uc2.ark+=13960=t8bg2j878.json.bz2
uc2.ark+=13960=t17m0b24d	uc2/pairtree_root/ar/k+/=1/39/60/=t/17/m0/b2/4d/ark+=13960=t17m0b24d/uc2.ark+=13960=t17m0b24d.json.bz2
mdp.39015005273563	mdp/pairtree_root/39/01/50/05/27/35/63/39015005273563/mdp.39015005273563.json.bz2
uc2.ark+=13960=t7dr2xx5g	uc2/pairtree_root/ar/k+/=1/39/60/=t/7d/r2/xx/5g/ark+=13960=t7dr2xx5g/uc2.ark+=13960=t7dr2xx5g.json.bz2
mdp.39015008975917	mdp/pairtree_root/39/01/50/08/97/59/17/39015008975917/mdp.39015008975917.json.bz2
uc1.b3569309	uc1/pairtree_root/b3/56/93/09/b3569309/uc1.b3569309.json.bz2
uc1.b3569303	uc1/pairtree_root/b3/56/93/03/b3569303/uc1.b3569303.json.bz2
uc1.b3327365	uc1/pairtree_root/b3/32/73/65/b3327365/uc1.b3327365.json.bz2
uc1.$b302110	uc1/pairtree_root/$b/30/21/10/$b302110/uc1.$b302110.json.bz2
uc1.b3581594	uc1/pairtree_root/b3/58/15/94/b3581594/uc1.b3581594.json.bz2
uc2.ark+=13960=t5q815z5v	uc2/pairtree_root/ar/k+/=1/39/60/=t/5q/81/5z/5v/ark+=13960=t5q815z5v/uc2.ark+=13960=t5q815z5v.json.bz2
uc2.ark+=13960=t5fb4z81t	uc2/pairtree_root/ar/k+/=1/39/60/=t/5f/b4/z8/1t/ark+=13960=t5fb4z81t/uc2.ark+=13960=t5fb4z81t.json.bz2
mdp.39015066054266	mdp/pairtree_root/39/01/50/66/05/42/66/39015066054266/mdp.39015066054266.json.bz2
njp.32101065848226	njp/pairtree_root/32/10/10/65/84/82/26/32101065848226/njp.32101065848226.json.bz2
nc01.ark+=13960=t6m04wk2w	nc01/pairtree_root/ar/k+/=1/39/60/=t/6m/04/wk/2w/ark+=13960=t6m04wk2w/nc01.ark+=13960=t6m04wk2w.json.bz2
mdp.39015073390984	mdp/pairtree_root/39/01/50/73/39/09/84/39015073390984/mdp.39015073390984.json.bz2
njp.32101068168903	njp/pairtree_root/32/10/10/68/16/89/03/32101068168903/njp.32101068168903.json.bz2
uc2.ark+=13960=t4sj1gm8n	uc2/pairtree_root/ar/k+/=1/39/60/=t/4s/j1/gm/8n/ark+=13960=t4sj1gm8n/uc2.ark+=13960=t4sj1gm8n.json.bz2
mdp.39015030755501	mdp/pairtree_root/39/01/50/30/75/55/01/39015030755501/mdp.39015030755501.json.bz2
uc1.b3834767	uc1/pairtree_root/b3/83/47/67/b3834767/uc1.b3834767.json.bz2
uiuo.ark+=13960=t6834h65s	uiuo/pairtree_root/ar/k+/=1/39/60/=t/68/34/h6/5s/ark+=13960=t6834h65s/uiuo.ark+=13960=t6834h65s.json.bz2
mdp.39015066053193	mdp/pairtree_root/39/01/50/66/05/31/93/39015066053193/mdp.39015066053193.json.bz2
mdp.39015002714957	mdp/pairtree_root/39/01/50/02/71/49/57/39015002714957/mdp.39015002714957.json.bz2
uc1.a0001121284	uc1/pairtree_root/a0/00/11/21/28/4/a0001121284/uc1.a0001121284.json.bz2
mdp.39015020733708	mdp/pairtree_root/39/01/50/20/73/37/08/39015020733708/mdp.39015020733708.json.bz2
uc2.ark+=13960=t5cc1398w	uc2/pairtree_root/ar/k+/=1/39/60/=t/5c/c1/39/8w/ark+=13960=t5cc1398w/uc2.ark+=13960=t5cc1398w.json.bz2
uc2.ark+=13960=t53f4mh08	uc2/pairtree_root/ar/k+/=1/39/60/=t/53/f4/mh/08/ark+=13960=t53f4mh08/uc2.ark+=13960=t53f4mh08.json.bz2
njp.32101067643351	njp/pairtree_root/32/10/10/67/64/33/51/32101067643351/njp.32101067643351.json.bz2
mdp.39015064466108	mdp/pairtree_root/39/01/50/64/46/61/08/39015064466108/mdp.39015064466108.json.bz2
uc1.b3387887	uc1/pairtree_root/b3/38/78/87/b3387887/uc1.b3387887.json.bz2
uc2.ark+=13960=t43r0sj8z	uc2/pairtree_root/ar/k+/=1/39/60/=t/43/r0/sj/8z/ark+=13960=t43r0sj8z/uc2.ark+=13960=t43r0sj8z.json.bz2
mdp.39015030356045	mdp/pairtree_root/39/01/50/30/35/60/45/39015030356045/mdp.39015030356045.json.bz2
uc1.b3325372	uc1/pairtree_root/b3/32/53/72/b3325372/uc1.b3325372.json.bz2
uiuo.ark+=13960=t5t72pq4d	uiuo/pairtree_root/ar/k+/=1/39/60/=t/5t/72/pq/4d/ark+=13960=t5t72pq4d/uiuo.ark+=13960=t5t72pq4d.json.bz2
uiuo.ark+=13960=t1mg8892t	uiuo/pairtree_root/ar/k+/=1/39/60/=t/1m/g8/89/2t/ark+=13960=t1mg8892t/uiuo.ark+=13960=t1mg8892t.json.bz2
uc2.ark+=13960=t2794116w	uc2/pairtree_root/ar/k+/=1/39/60/=t/27/94/11/6w/ark+=13960=t2794116w/uc2.ark+=13960=t2794116w.json.bz2
nyp.33433082288428	nyp/pairtree_root/33/43/30/82/28/84/28/33433082288428/nyp.33433082288428.json.bz2
uc2.ark+=13960=t6057f51x	uc2/pairtree_root/ar/k+/=1/39/60/=t/60/57/f5/1x/ark+=13960=t6057f51x/uc2.ark+=13960=t6057f51x.json.bz2
mdp.39015008628714	mdp/pairtree_root/39/01/50/08/62/87/14/39015008628714/mdp.39015008628714.json.bz2
nc01.ark+=13960=t74t73k55	nc01/pairtree_root/ar/k+/=1/39/60/=t/74/t7/3k/55/ark+=13960=t74t73k55/nc01.ark+=13960=t74t73k55.json.bz2
nyp.33433082174727	nyp/pairtree_root/33/43/30/82/17/47/27/33433082174727/nyp.33433082174727.json.bz2
uc1.b248533	uc1/pairtree_root/$b/24/85/33/$b248533/uc1.$b248533.json.bz2
uc1.$b244118	uc1/pairtree_root/$b/24/41/18/$b244118/uc1.$b244118.json.bz2
mdp.39015063753530	mdp/pairtree_root/39/01/50/63/75/35/30/39015063753530/mdp.39015063753530.json.bz2
uc1.b3578514	uc1/pairtree_root/b3/57/85/14/b3578514/uc1.b3578514.json.bz2
uc1.b3329009	uc1/pairtree_root/b3/32/90/09/b3329009/uc1.b3329009.json.bz2
nyp.33433076023245	nyp/pairtree_root/33/43/30/76/02/32/45/33433076023245/nyp.33433076023245.json.bz2
nc01.ark+=13960=t1gh9wn1r	nc01/pairtree_root/ar/k+/=1/39/60/=t/1g/h9/wn/1r/ark+=13960=t1gh9wn1r/nc01.ark+=13960=t1gh9wn1r.json.bz2
mdp.39015012354869	mdp/pairtree_root/39/01/50/12/35/48/69/39015012354869/mdp.39015012354869.json.bz2
uc2.ark+=13960=t26971c28	uc2/pairtree_root/ar/k+/=1/39/60/=t/26/97/1c/28/ark+=13960=t26971c28/uc2.ark+=13960=t26971c28.json.bz2
uc2.ark+=13960=t2m61fk5s	uc2/pairtree_root/ar/k+/=1/39/60/=t/2m/61/fk/5s/ark+=13960=t2m61fk5s/uc2.ark+=13960=t2m61fk5s.json.bz2
mdp.39015005096006	mdp/pairtree_root/39/01/50/05/09/60/06/39015005096006/mdp.39015005096006.json.bz2
uiuo.ark+=13960=t1bk1r841	uiuo/pairtree_root/ar/k+/=1/39/60/=t/1b/k1/r8/41/ark+=13960=t1bk1r841/uiuo.ark+=13960=t1bk1r841.json.bz2
uc1.b4109141	uc1/pairtree_root/b4/10/91/41/b4109141/uc1.b4109141.json.bz2
uc2.ark+=13960=t57d2zz9q	uc2/pairtree_root/ar/k+/=1/39/60/=t/57/d2/zz/9q/ark+=13960=t57d2zz9q/uc2.ark+=13960=t57d2zz9q.json.bz2
uc1.b4104445	uc1/pairtree_root/b4/10/44/45/b4104445/uc1.b4104445.json.bz2
uiuo.ark+=13960=t6sx6t891	uiuo/pairtree_root/ar/k+/=1/39/60/=t/6s/x6/t8/91/ark+=13960=t6sx6t891/uiuo.ark+=13960=t6sx6t891.json.bz2
mdp.39015002758004	mdp/pairtree_root/39/01/50/02/75/80/04/39015002758004/mdp.39015002758004.json.bz2
nyp.33433074823026	nyp/pairtree_root/33/43/30/74/82/30/26/33433074823026/nyp.33433074823026.json.bz2
uc2.ark+=13960=t5q815w5z	uc2/pairtree_root/ar/k+/=1/39/60/=t/5q/81/5w/5z/ark+=13960=t5q815w5z/uc2.ark+=13960=t5q815w5z.json.bz2
nyp.33433075758163	nyp/pairtree_root/33/43/30/75/75/81/63/33433075758163/nyp.33433075758163.json.bz2
inu.39000003684086	inu/pairtree_root/39/00/00/03/68/40/86/39000003684086/inu.39000003684086.json.bz2
mdp.39015002235375	mdp/pairtree_root/39/01/50/02/23/53/75/39015002235375/mdp.39015002235375.json.bz2
njp.32101066919174	njp/pairtree_root/32/10/10/66/91/91/74/32101066919174/njp.32101066919174.json.bz2
uc2.ark+=13960=t1wd3r010	uc2/pairtree_root/ar/k+/=1/39/60/=t/1w/d3/r0/10/ark+=13960=t1wd3r010/uc2.ark+=13960=t1wd3r010.json.bz2
uc1.b3862879	uc1/pairtree_root/b3/86/28/79/b3862879/uc1.b3862879.json.bz2
uiuo.ark+=13960=t0vq38v4c	uiuo/pairtree_root/ar/k+/=1/39/60/=t/0v/q3/8v/4c/ark+=13960=t0vq38v4c/uiuo.ark+=13960=t0vq38v4c.json.bz2
uc1.b250353	uc1/pairtree_root/$b/25/03/53/$b250353/uc1.$b250353.json.bz2
uc2.ark+=13960=t7dr2qb7b	uc2/pairtree_root/ar/k+/=1/39/60/=t/7d/r2/qb/7b/ark+=13960=t7dr2qb7b/uc2.ark+=13960=t7dr2qb7b.json.bz2
mdp.39015004274232	mdp/pairtree_root/39/01/50/04/27/42/32/39015004274232/mdp.39015004274232.json.bz2
uc1.$b106291	uc1/pairtree_root/$b/10/62/91/$b106291/uc1.$b106291.json.bz2
nc01.ark+=13960=t2n59009q	nc01/pairtree_root/ar/k+/=1/39/60/=t/2n/59/00/9q/ark+=13960=t2n59009q/nc01.ark+=13960=t2n59009q.json.bz2
uc2.ark+=13960=t9g44jj09	uc2/pairtree_root/ar/k+/=1/39/60/=t/9g/44/jj/09/ark+=13960=t9g44jj09/uc2.ark+=13960=t9g44jj09.json.bz2
uc2.ark+=13960=t1td9qq24	uc2/pairtree_root/ar/k+/=1/39/60/=t/1t/d9/qq/24/ark+=13960=t1td9qq24/uc2.ark+=13960=t1td9qq24.json.bz2
njp.32101063581076	njp/pairtree_root/32/10/10/63/58/10/76/32101063581076/njp.32101063581076.json.bz2
mdp.39015065957253	mdp/pairtree_root/39/01/50/65/95/72/53/39015065957253/mdp.39015065957253.json.bz2
uc2.ark+=13960=t3vt1j63s	uc2/pairtree_root/ar/k+/=1/39/60/=t/3v/t1/j6/3s/ark+=13960=t3vt1j63s/uc2.ark+=13960=t3vt1j63s.json.bz2
nyp.33433074815576	nyp/pairtree_root/33/43/30/74/81/55/76/33433074815576/nyp.33433074815576.json.bz2
mdp.39015020720481	mdp/pairtree_root/39/01/50/20/72/04/81/39015020720481/mdp.39015020720481.json.bz2
mdp.39015000551088	mdp/pairtree_root/39/01/50/00/55/10/88/39015000551088/mdp.39015000551088.json.bz2
nyp.33433082168976	nyp/pairtree_root/33/43/30/82/16/89/76/33433082168976/nyp.33433082168976.json.bz2
uc1.b149265	uc1/pairtree_root/$b/14/92/65/$b149265/uc1.$b149265.json.bz2
uc2.ark+=13960=t4sj1d326	uc2/pairtree_root/ar/k+/=1/39/60/=t/4s/j1/d3/26/ark+=13960=t4sj1d326/uc2.ark+=13960=t4sj1d326.json.bz2
nyp.33433082530647	nyp/pairtree_root/33/43/30/82/53/06/47/33433082530647/nyp.33433082530647.json.bz2
uc1.b248450	uc1/pairtree_root/$b/24/84/50/$b248450/uc1.$b248450.json.bz2
uc2.ark+=13960=t8rb7005b	uc2/pairtree_root/ar/k+/=1/39/60/=t/8r/b7/00/5b/ark+=13960=t8rb7005b/uc2.ark+=13960=t8rb7005b.json.bz2
uc1.$b243918	uc1/pairtree_root/$b/24/39/18/$b243918/uc1.$b243918.json.bz2
uc1.b4717980	uc1/pairtree_root/b4/71/79/80/b4717980/uc1.b4717980.json.bz2
uc1.$b87302	uc1/pairtree_root/$b/87/30/2/$b87302/uc1.$b87302.json.bz2
uc2.ark+=13960=t0ms3kw42	uc2/pairtree_root/ar/k+/=1/39/60/=t/0m/s3/kw/42/ark+=13960=t0ms3kw42/uc2.ark+=13960=t0ms3kw42.json.bz2
uc2.ark+=13960=t9w095f33	uc2/pairtree_root/ar/k+/=1/39/60/=t/9w/09/5f/33/ark+=13960=t9w095f33/uc2.ark+=13960=t9w095f33.json.bz2
uc1.32106002062997	uc1/pairtree_root/32/10/60/02/06/29/97/32106002062997/uc1.32106002062997.json.bz2
uiuo.ark+=13960=t1tf0h21k	uiuo/pairtree_root/ar/k+/=1/39/60/=t/1t/f0/h2/1k/ark+=13960=t1tf0h21k/uiuo.ark+=13960=t1tf0h21k.json.bz2
uc2.ark+=13960=t2q52nv5t	uc2/pairtree_root/ar/k+/=1/39/60/=t/2q/52/nv/5t/ark+=13960=t2q52nv5t/uc2.ark+=13960=t2q52nv5t.json.bz2
nyp.33433107875183	nyp/pairtree_root/33/43/31/07/87/51/83/33433107875183/nyp.33433107875183.json.bz2
uc2.ark+=13960=t4qj7cg1w	uc2/pairtree_root/ar/k+/=1/39/60/=t/4q/j7/cg/1w/ark+=13960=t4qj7cg1w/uc2.ark+=13960=t4qj7cg1w.json.bz2
uc2.ark+=13960=t2j67fx2g	uc2/pairtree_root/ar/k+/=1/39/60/=t/2j/67/fx/2g/ark+=13960=t2j67fx2g/uc2.ark+=13960=t2j67fx2g.json.bz2
uiuo.ark+=13960=t2v41110q	uiuo/pairtree_root/ar/k+/=1/39/60/=t/2v/41/11/0q/ark+=13960=t2v41110q/uiuo.ark+=13960=t2v41110q.json.bz2
uc1.$b799875	uc1/pairtree_root/$b/79/98/75/$b799875/uc1.$b799875.json.bz2
uc2.ark+=13960=t6k06xn34	uc2/pairtree_root/ar/k+/=1/39/60/=t/6k/06/xn/34/ark+=13960=t6k06xn34/uc2.ark+=13960=t6k06xn34.json.bz2
mdp.39015016911532	mdp/pairtree_root/39/01/50/16/91/15/32/39015016911532/mdp.39015016911532.json.bz2
mdp.39015063959897	mdp/pairtree_root/39/01/50/63/95/98/97/39015063959897/mdp.39015063959897.json.bz2
uc1.b242928	uc1/pairtree_root/$b/24/29/28/$b242928/uc1.$b242928.json.bz2
nyp.33433076051329	nyp/pairtree_root/33/43/30/76/05/13/29/33433076051329/nyp.33433076051329.json.bz2
uc1.$b245181	uc1/pairtree_root/$b/24/51/81/$b245181/uc1.$b245181.json.bz2
uc1.b248359	uc1/pairtree_root/$b/24/83/59/$b248359/uc1.$b248359.json.bz2
uc1.$b471567	uc1/pairtree_root/$b/47/15/67/$b471567/uc1.$b471567.json.bz2
njp.32101068178878	njp/pairtree_root/32/10/10/68/17/88/78/32101068178878/njp.32101068178878.json.bz2
uc1.$b799911	uc1/pairtree_root/$b/79/99/11/$b799911/uc1.$b799911.json.bz2
uc1.$b56298	uc1/pairtree_root/$b/56/29/8/$b56298/uc1.$b56298.json.bz2
uc1.b3327277	uc1/pairtree_root/b3/32/72/77/b3327277/uc1.b3327277.json.bz2
uc1.b3327322	uc1/pairtree_root/b3/32/73/22/b3327322/uc1.b3327322.json.bz2
uiuo.ark+=13960=t58d0f39v	uiuo/pairtree_root/ar/k+/=1/39/60/=t/58/d0/f3/9v/ark+=13960=t58d0f39v/uiuo.ark+=13960=t58d0f39v.json.bz2
njp.32101038161400	njp/pairtree_root/32/10/10/38/16/14/00/32101038161400/njp.32101038161400.json.bz2
mdp.39015002718313	mdp/pairtree_root/39/01/50/02/71/83/13/39015002718313/mdp.39015002718313.json.bz2
mdp.39015031602066	mdp/pairtree_root/39/01/50/31/60/20/66/39015031602066/mdp.39015031602066.json.bz2
mdp.39015001816563	mdp/pairtree_root/39/01/50/01/81/65/63/39015001816563/mdp.39015001816563.json.bz2
uc2.ark+=13960=t90865h7g	uc2/pairtree_root/ar/k+/=1/39/60/=t/90/86/5h/7g/ark+=13960=t90865h7g/uc2.ark+=13960=t90865h7g.json.bz2
mdp.39015031908901	mdp/pairtree_root/39/01/50/31/90/89/01/39015031908901/mdp.39015031908901.json.bz2
njp.32101065848267	njp/pairtree_root/32/10/10/65/84/82/67/32101065848267/njp.32101065848267.json.bz2
uc2.ark+=13960=t4zg6jp9m	uc2/pairtree_root/ar/k+/=1/39/60/=t/4z/g6/jp/9m/ark+=13960=t4zg6jp9m/uc2.ark+=13960=t4zg6jp9m.json.bz2
uva.x030802597	uva/pairtree_root/x0/30/80/25/97/x030802597/uva.x030802597.json.bz2
uiug.30112001317798	uiug/pairtree_root/30/11/20/01/31/77/98/30112001317798/uiug.30112001317798.json.bz2
uc1.$b177922	uc1/pairtree_root/$b/17/79/22/$b177922/uc1.$b177922.json.bz2
nyp.33433034394472	nyp/pairtree_root/33/43/30/34/39/44/72/33433034394472/nyp.33433034394472.json.bz2
uc1.$b87152	uc1/pairtree_root/$b/87/15/2/$b87152/uc1.$b87152.json.bz2
uc1.b3325619	uc1/pairtree_root/b3/32/56/19/b3325619/uc1.b3325619.json.bz2
uc1.$b799998	uc1/pairtree_root/$b/79/99/98/$b799998/uc1.$b799998.json.bz2
nyp.33433076073125	nyp/pairtree_root/33/43/30/76/07/31/25/33433076073125/nyp.33433076073125.json.bz2
uc1.32106002155551	uc1/pairtree_root/32/10/60/02/15/55/51/32106002155551/uc1.32106002155551.json.bz2
uiuo.ark+=13960=t39z9dj6h	uiuo/pairtree_root/ar/k+/=1/39/60/=t/39/z9/dj/6h/ark+=13960=t39z9dj6h/uiuo.ark+=13960=t39z9dj6h.json.bz2
mdp.39015006977899	mdp/pairtree_root/39/01/50/06/97/78/99/39015006977899/mdp.39015006977899.json.bz2
uc1.b250586	uc1/pairtree_root/$b/25/05/86/$b250586/uc1.$b250586.json.bz2
uc2.ark+=13960=t5gb1xz8x	uc2/pairtree_root/ar/k+/=1/39/60/=t/5g/b1/xz/8x/ark+=13960=t5gb1xz8x/uc2.ark+=13960=t5gb1xz8x.json.bz2
umn.319510020976254	umn/pairtree_root/31/95/10/02/09/76/25/4/319510020976254/umn.319510020976254.json.bz2
uiuo.ark+=13960=t3417gh0c	uiuo/pairtree_root/ar/k+/=1/39/60/=t/34/17/gh/0c/ark+=13960=t3417gh0c/uiuo.ark+=13960=t3417gh0c.json.bz2
mdp.39015030750981	mdp/pairtree_root/39/01/50/30/75/09/81/39015030750981/mdp.39015030750981.json.bz2
uc1.$b103197	uc1/pairtree_root/$b/10/31/97/$b103197/uc1.$b103197.json.bz2
uc1.b250585	uc1/pairtree_root/$b/25/05/85/$b250585/uc1.$b250585.json.bz2
uc2.ark+=13960=t5m902m17	uc2/pairtree_root/ar/k+/=1/39/60/=t/5m/90/2m/17/ark+=13960=t5m902m17/uc2.ark+=13960=t5m902m17.json.bz2
uc1.$b102989	uc1/pairtree_root/$b/10/29/89/$b102989/uc1.$b102989.json.bz2
uc2.ark+=13960=t1pg1vn1t	uc2/pairtree_root/ar/k+/=1/39/60/=t/1p/g1/vn/1t/ark+=13960=t1pg1vn1t/uc2.ark+=13960=t1pg1vn1t.json.bz2
umn.319510020466601	umn/pairtree_root/31/95/10/02/04/66/60/1/319510020466601/umn.319510020466601.json.bz2
uiuo.ark+=13960=t86h55691	uiuo/pairtree_root/ar/k+/=1/39/60/=t/86/h5/56/91/ark+=13960=t86h55691/uiuo.ark+=13960=t86h55691.json.bz2
mdp.39015000599186	mdp/pairtree_root/39/01/50/00/59/91/86/39015000599186/mdp.39015000599186.json.bz2
nyp.33433075747240	nyp/pairtree_root/33/43/30/75/74/72/40/33433075747240/nyp.33433075747240.json.bz2
mdp.39015031297933	mdp/pairtree_root/39/01/50/31/29/79/33/39015031297933/mdp.39015031297933.json.bz2
nyp.33433112053750	nyp/pairtree_root/33/43/31/12/05/37/50/33433112053750/nyp.33433112053750.json.bz2
uc1.b3327221	uc1/pairtree_root/b3/32/72/21/b3327221/uc1.b3327221.json.bz2
uc2.ark+=13960=t4bp0174c	uc2/pairtree_root/ar/k+/=1/39/60/=t/4b/p0/17/4c/ark+=13960=t4bp0174c/uc2.ark+=13960=t4bp0174c.json.bz2
uc1.b3290399	uc1/pairtree_root/b3/29/03/99/b3290399/uc1.b3290399.json.bz2
uc2.ark+=13960=t01z4424r	uc2/pairtree_root/ar/k+/=1/39/60/=t/01/z4/42/4r/ark+=13960=t01z4424r/uc2.ark+=13960=t01z4424r.json.bz2
uc1.b3710699	uc1/pairtree_root/b3/71/06/99/b3710699/uc1.b3710699.json.bz2
uiuo.ark+=13960=t4xh0999j	uiuo/pairtree_root/ar/k+/=1/39/60/=t/4x/h0/99/9j/ark+=13960=t4xh0999j/uiuo.ark+=13960=t4xh0999j.json.bz2
uc2.ark+=13960=t1ng4rz6v	uc2/pairtree_root/ar/k+/=1/39/60/=t/1n/g4/rz/6v/ark+=13960=t1ng4rz6v/uc2.ark+=13960=t1ng4rz6v.json.bz2
uc1.$b245138	uc1/pairtree_root/$b/24/51/38/$b245138/uc1.$b245138.json.bz2
mdp.39015059447527	mdp/pairtree_root/39/01/50/59/44/75/27/39015059447527/mdp.39015059447527.json.bz2
mdp.39015031236584	mdp/pairtree_root/39/01/50/31/23/65/84/39015031236584/mdp.39015031236584.json.bz2
uc2.ark+=13960=t0ns0m20z	uc2/pairtree_root/ar/k+/=1/39/60/=t/0n/s0/m2/0z/ark+=13960=t0ns0m20z/uc2.ark+=13960=t0ns0m20z.json.bz2
uc2.ark+=13960=t86h4dn5f	uc2/pairtree_root/ar/k+/=1/39/60/=t/86/h4/dn/5f/ark+=13960=t86h4dn5f/uc2.ark+=13960=t86h4dn5f.json.bz2
uc2.ark+=13960=t0ks6ps96	uc2/pairtree_root/ar/k+/=1/39/60/=t/0k/s6/ps/96/ark+=13960=t0ks6ps96/uc2.ark+=13960=t0ks6ps96.json.bz2
uc2.ark+=13960=t9b56gq8f	uc2/pairtree_root/ar/k+/=1/39/60/=t/9b/56/gq/8f/ark+=13960=t9b56gq8f/uc2.ark+=13960=t9b56gq8f.json.bz2
mdp.39015055066743	mdp/pairtree_root/39/01/50/55/06/67/43/39015055066743/mdp.39015055066743.json.bz2
uc1.32106002157474	uc1/pairtree_root/32/10/60/02/15/74/74/32106002157474/uc1.32106002157474.json.bz2
uc1.b4102757	uc1/pairtree_root/b4/10/27/57/b4102757/uc1.b4102757.json.bz2
uc2.ark+=13960=t8gf0p99g	uc2/pairtree_root/ar/k+/=1/39/60/=t/8g/f0/p9/9g/ark+=13960=t8gf0p99g/uc2.ark+=13960=t8gf0p99g.json.bz2
uiuo.ark+=13960=t76t15w5c	uiuo/pairtree_root/ar/k+/=1/39/60/=t/76/t1/5w/5c/ark+=13960=t76t15w5c/uiuo.ark+=13960=t76t15w5c.json.bz2
uiuo.ark+=13960=t64462k75	uiuo/pairtree_root/ar/k+/=1/39/60/=t/64/46/2k/75/ark+=13960=t64462k75/uiuo.ark+=13960=t64462k75.json.bz2
mdp.39015031309209	mdp/pairtree_root/39/01/50/31/30/92/09/39015031309209/mdp.39015031309209.json.bz2
uc2.ark+=13960=t06w96j0p	uc2/pairtree_root/ar/k+/=1/39/60/=t/06/w9/6j/0p/ark+=13960=t06w96j0p/uc2.ark+=13960=t06w96j0p.json.bz2
mdp.39015030855798	mdp/pairtree_root/39/01/50/30/85/57/98/39015030855798/mdp.39015030855798.json.bz2
nyp.33433076021751	nyp/pairtree_root/33/43/30/76/02/17/51/33433076021751/nyp.33433076021751.json.bz2
nyp.33433074947270	nyp/pairtree_root/33/43/30/74/94/72/70/33433074947270/nyp.33433074947270.json.bz2
mdp.39015057934351	mdp/pairtree_root/39/01/50/57/93/43/51/39015057934351/mdp.39015057934351.json.bz2
uc2.ark+=13960=t8qb9wx9k	uc2/pairtree_root/ar/k+/=1/39/60/=t/8q/b9/wx/9k/ark+=13960=t8qb9wx9k/uc2.ark+=13960=t8qb9wx9k.json.bz2
loc.ark+=13960=t7jq1gh0t	loc/pairtree_root/ar/k+/=1/39/60/=t/7j/q1/gh/0t/ark+=13960=t7jq1gh0t/loc.ark+=13960=t7jq1gh0t.json.bz2
nyp.33433074863279	nyp/pairtree_root/33/43/30/74/86/32/79/33433074863279/nyp.33433074863279.json.bz2
mdp.39015001797946	mdp/pairtree_root/39/01/50/01/79/79/46/39015001797946/mdp.39015001797946.json.bz2
uc2.ark+=13960=t5x63ds6x	uc2/pairtree_root/ar/k+/=1/39/60/=t/5x/63/ds/6x/ark+=13960=t5x63ds6x/uc2.ark+=13960=t5x63ds6x.json.bz2
uc1.b3579114	uc1/pairtree_root/b3/57/91/14/b3579114/uc1.b3579114.json.bz2
nyp.33433076053416	nyp/pairtree_root/33/43/30/76/05/34/16/33433076053416/nyp.33433076053416.json.bz2
uiuo.ark+=13960=t8kd2h12s	uiuo/pairtree_root/ar/k+/=1/39/60/=t/8k/d2/h1/2s/ark+=13960=t8kd2h12s/uiuo.ark+=13960=t8kd2h12s.json.bz2
nyp.33433076051303	nyp/pairtree_root/33/43/30/76/05/13/03/33433076051303/nyp.33433076051303.json.bz2
uc1.$b105925	uc1/pairtree_root/$b/10/59/25/$b105925/uc1.$b105925.json.bz2
mdp.39015031909669	mdp/pairtree_root/39/01/50/31/90/96/69/39015031909669/mdp.39015031909669.json.bz2
nyp.33433074881081	nyp/pairtree_root/33/43/30/74/88/10/81/33433074881081/nyp.33433074881081.json.bz2
mdp.39015065549779	mdp/pairtree_root/39/01/50/65/54/97/79/39015065549779/mdp.39015065549779.json.bz2
mdp.39015012341775	mdp/pairtree_root/39/01/50/12/34/17/75/39015012341775/mdp.39015012341775.json.bz2
uc1.$b322811	uc1/pairtree_root/$b/32/28/11/$b322811/uc1.$b322811.json.bz2
nyp.33433075723480	nyp/pairtree_root/33/43/30/75/72/34/80/33433075723480/nyp.33433075723480.json.bz2
mdp.39015029736793	mdp/pairtree_root/39/01/50/29/73/67/93/39015029736793/mdp.39015029736793.json.bz2
uc2.ark+=13960=t0tq5rf85	uc2/pairtree_root/ar/k+/=1/39/60/=t/0t/q5/rf/85/ark+=13960=t0tq5rf85/uc2.ark+=13960=t0tq5rf85.json.bz2
uc1.b266927	uc1/pairtree_root/$b/26/69/27/$b266927/uc1.$b266927.json.bz2
uc1.b3325539	uc1/pairtree_root/b3/32/55/39/b3325539/uc1.b3325539.json.bz2
njp.32101042563039	njp/pairtree_root/32/10/10/42/56/30/39/32101042563039/njp.32101042563039.json.bz2
mdp.39015063511946	mdp/pairtree_root/39/01/50/63/51/19/46/39015063511946/mdp.39015063511946.json.bz2
uc2.ark+=13960=t0sq8tp41	uc2/pairtree_root/ar/k+/=1/39/60/=t/0s/q8/tp/41/ark+=13960=t0sq8tp41/uc2.ark+=13960=t0sq8tp41.json.bz2
uc1.b4084618	uc1/pairtree_root/b4/08/46/18/b4084618/uc1.b4084618.json.bz2
uiuo.ark+=13960=t41r7d247	uiuo/pairtree_root/ar/k+/=1/39/60/=t/41/r7/d2/47/ark+=13960=t41r7d247/uiuo.ark+=13960=t41r7d247.json.bz2
uiuo.ark+=13960=t8bg31g17	uiuo/pairtree_root/ar/k+/=1/39/60/=t/8b/g3/1g/17/ark+=13960=t8bg31g17/uiuo.ark+=13960=t8bg31g17.json.bz2
uiuo.ark+=13960=t3708f59s	uiuo/pairtree_root/ar/k+/=1/39/60/=t/37/08/f5/9s/ark+=13960=t3708f59s/uiuo.ark+=13960=t3708f59s.json.bz2
uiuo.ark+=13960=t3708kh4h	uiuo/pairtree_root/ar/k+/=1/39/60/=t/37/08/kh/4h/ark+=13960=t3708kh4h/uiuo.ark+=13960=t3708kh4h.json.bz2
uc1.b3326036	uc1/pairtree_root/b3/32/60/36/b3326036/uc1.b3326036.json.bz2
uc2.ark+=13960=t5x63cb4q	uc2/pairtree_root/ar/k+/=1/39/60/=t/5x/63/cb/4q/ark+=13960=t5x63cb4q/uc2.ark+=13960=t5x63cb4q.json.bz2
uc1.$b809243	uc1/pairtree_root/$b/80/92/43/$b809243/uc1.$b809243.json.bz2
uc2.ark+=13960=t5m909j36	uc2/pairtree_root/ar/k+/=1/39/60/=t/5m/90/9j/36/ark+=13960=t5m909j36/uc2.ark+=13960=t5m909j36.json.bz2
uc2.ark+=13960=t0bv7gg7m	uc2/pairtree_root/ar/k+/=1/39/60/=t/0b/v7/gg/7m/ark+=13960=t0bv7gg7m/uc2.ark+=13960=t0bv7gg7m.json.bz2
nyp.33433074817366	nyp/pairtree_root/33/43/30/74/81/73/66/33433074817366/nyp.33433074817366.json.bz2
mdp.39015059502669	mdp/pairtree_root/39/01/50/59/50/26/69/39015059502669/mdp.39015059502669.json.bz2
uiuo.ark+=13960=t51g1d15h	uiuo/pairtree_root/ar/k+/=1/39/60/=t/51/g1/d1/5h/ark+=13960=t51g1d15h/uiuo.ark+=13960=t51g1d15h.json.bz2
uc1.b250587	uc1/pairtree_root/$b/25/05/87/$b250587/uc1.$b250587.json.bz2
uc1.b3325538	uc1/pairtree_root/b3/32/55/38/b3325538/uc1.b3325538.json.bz2
uc2.ark+=13960=t4wh2g65s	uc2/pairtree_root/ar/k+/=1/39/60/=t/4w/h2/g6/5s/ark+=13960=t4wh2g65s/uc2.ark+=13960=t4wh2g65s.json.bz2
mdp.39015030198637	mdp/pairtree_root/39/01/50/30/19/86/37/39015030198637/mdp.39015030198637.json.bz2
wu.89098985260	wu/pairtree_root/89/09/89/85/26/0/89098985260/wu.89098985260.json.bz2
hvd.hwpe1q	hvd/pairtree_root/hw/pe/1q/hwpe1q/hvd.hwpe1q.json.bz2
uc1.$b243659	uc1/pairtree_root/$b/24/36/59/$b243659/uc1.$b243659.json.bz2
uc2.ark+=13960=t1qf8t16c	uc2/pairtree_root/ar/k+/=1/39/60/=t/1q/f8/t1/6c/ark+=13960=t1qf8t16c/uc2.ark+=13960=t1qf8t16c.json.bz2
uc2.ark+=13960=t27943w01	uc2/pairtree_root/ar/k+/=1/39/60/=t/27/94/3w/01/ark+=13960=t27943w01/uc2.ark+=13960=t27943w01.json.bz2
uc1.$b244963	uc1/pairtree_root/$b/24/49/63/$b244963/uc1.$b244963.json.bz2
mdp.39015024021324	mdp/pairtree_root/39/01/50/24/02/13/24/39015024021324/mdp.39015024021324.json.bz2
mdp.39015023133641	mdp/pairtree_root/39/01/50/23/13/36/41/39015023133641/mdp.39015023133641.json.bz2
njp.32101064786591	njp/pairtree_root/32/10/10/64/78/65/91/32101064786591/njp.32101064786591.json.bz2
mdp.39015013518025	mdp/pairtree_root/39/01/50/13/51/80/25/39015013518025/mdp.39015013518025.json.bz2
mdp.39015031908893	mdp/pairtree_root/39/01/50/31/90/88/93/39015031908893/mdp.39015031908893.json.bz2
uc2.ark+=13960=t4wh2fh9b	uc2/pairtree_root/ar/k+/=1/39/60/=t/4w/h2/fh/9b/ark+=13960=t4wh2fh9b/uc2.ark+=13960=t4wh2fh9b.json.bz2
nyp.33433076094402	nyp/pairtree_root/33/43/30/76/09/44/02/33433076094402/nyp.33433076094402.json.bz2
pst.000005408344	pst/pairtree_root/00/00/05/40/83/44/000005408344/pst.000005408344.json.bz2
mdp.39015016441308	mdp/pairtree_root/39/01/50/16/44/13/08/39015016441308/mdp.39015016441308.json.bz2
mdp.39015059414253	mdp/pairtree_root/39/01/50/59/41/42/53/39015059414253/mdp.39015059414253.json.bz2
mdp.39015000659055	mdp/pairtree_root/39/01/50/00/65/90/55/39015000659055/mdp.39015000659055.json.bz2
uc1.$b300995	uc1/pairtree_root/$b/30/09/95/$b300995/uc1.$b300995.json.bz2
njp.32101067644789	njp/pairtree_root/32/10/10/67/64/47/89/32101067644789/njp.32101067644789.json.bz2
pst.000000823524	pst/pairtree_root/00/00/00/82/35/24/000000823524/pst.000000823524.json.bz2
uc2.ark+=13960=t21c1wq1g	uc2/pairtree_root/ar/k+/=1/39/60/=t/21/c1/wq/1g/ark+=13960=t21c1wq1g/uc2.ark+=13960=t21c1wq1g.json.bz2
pst.000006180706	pst/pairtree_root/00/00/06/18/07/06/000006180706/pst.000006180706.json.bz2
uiug.30112042040268	uiug/pairtree_root/30/11/20/42/04/02/68/30112042040268/uiug.30112042040268.json.bz2
uc2.ark+=13960=t41r6ns5n	uc2/pairtree_root/ar/k+/=1/39/60/=t/41/r6/ns/5n/ark+=13960=t41r6ns5n/uc2.ark+=13960=t41r6ns5n.json.bz2
mdp.39015031306155	mdp/pairtree_root/39/01/50/31/30/61/55/39015031306155/mdp.39015031306155.json.bz2
nyp.33433076024532	nyp/pairtree_root/33/43/30/76/02/45/32/33433076024532/nyp.33433076024532.json.bz2
uc1.b4103059	uc1/pairtree_root/b4/10/30/59/b4103059/uc1.b4103059.json.bz2
uc2.ark+=13960=t8w951q8r	uc2/pairtree_root/ar/k+/=1/39/60/=t/8w/95/1q/8r/ark+=13960=t8w951q8r/uc2.ark+=13960=t8w951q8r.json.bz2
uc2.ark+=13960=t5bc3w39n	uc2/pairtree_root/ar/k+/=1/39/60/=t/5b/c3/w3/9n/ark+=13960=t5bc3w39n/uc2.ark+=13960=t5bc3w39n.json.bz2
coo1.ark+=13960=t49p3m963	coo1/pairtree_root/ar/k+/=1/39/60/=t/49/p3/m9/63/ark+=13960=t49p3m963/coo1.ark+=13960=t49p3m963.json.bz2
uc2.ark+=13960=t55d8p14j	uc2/pairtree_root/ar/k+/=1/39/60/=t/55/d8/p1/4j/ark+=13960=t55d8p14j/uc2.ark+=13960=t55d8p14j.json.bz2
mdp.39015030728144	mdp/pairtree_root/39/01/50/30/72/81/44/39015030728144/mdp.39015030728144.json.bz2
uc2.ark+=13960=t6tx36g8z	uc2/pairtree_root/ar/k+/=1/39/60/=t/6t/x3/6g/8z/ark+=13960=t6tx36g8z/uc2.ark+=13960=t6tx36g8z.json.bz2
uc2.ark+=13960=t3707z95g	uc2/pairtree_root/ar/k+/=1/39/60/=t/37/07/z9/5g/ark+=13960=t3707z95g/uc2.ark+=13960=t3707z95g.json.bz2
